"Site Time","POA Watts/meter²","GHI Watts/meter²"
"2020-07-01 00:00:00","0","-0.621"
"2020-07-01 00:15:00","0","-0.715"
"2020-07-01 00:30:00","0","-0.813"
"2020-07-01 00:45:00","0","-0.892"
"2020-07-01 01:00:00","0","-0.883"
"2020-07-01 01:15:00","0","-1.003"
"2020-07-01 01:30:00","0","-0.955"
"2020-07-01 01:45:00","0","-0.967"
"2020-07-01 02:00:00","0","-0.618"
"2020-07-01 02:15:00","0","-0.266"
"2020-07-01 02:30:00","0","-0.179"
"2020-07-01 02:45:00","0","-0.395"
"2020-07-01 03:00:00","0","-0.374"
"2020-07-01 03:15:00","0","-0.127"
"2020-07-01 03:30:00","0","-0.116"
"2020-07-01 03:45:00","0","-0.132"
"2020-07-01 04:00:00","0","-0.239"
"2020-07-01 04:15:00","0","-0.285"
"2020-07-01 04:30:00","0","-0.184"
"2020-07-01 04:45:00","0","-0.186"
"2020-07-01 05:00:00","0.115","0.507"
"2020-07-01 05:15:00","2.225","2.873"
"2020-07-01 05:30:00","6.97","8.022"
"2020-07-01 05:45:00","4.605","17.871"
"2020-07-01 06:00:00","19.845","28.68"
"2020-07-01 06:15:00","36.226","67.342"
"2020-07-01 06:30:00","118.647","89.719"
"2020-07-01 06:45:00","105.647","91.231"
"2020-07-01 07:00:00","67.861","75.1"
"2020-07-01 07:15:00","102.854","106.337"
"2020-07-01 07:30:00","189.804","179.536"
"2020-07-01 07:45:00","229.258","226.09"
"2020-07-01 08:00:00","223.106","214.603"
"2020-07-01 08:15:00","465.717","444.813"
"2020-07-01 08:30:00","454.033","437.603"
"2020-07-01 08:45:00","523.329","511.898"
"2020-07-01 09:00:00","739.489","689.702"
"2020-07-01 09:15:00","636.105","601.414"
"2020-07-01 09:30:00","465.765","450.873"
"2020-07-01 09:45:00","732.461","690.78"
"2020-07-01 10:00:00","856.213","820.514"
"2020-07-01 10:15:00","704.263","686.384"
"2020-07-01 10:30:00","558.293","585.972"
"2020-07-01 10:45:00","427.87","417.774"
"2020-07-01 11:00:00","728.044","695.219"
"2020-07-01 11:15:00","697.083","648.708"
"2020-07-01 11:30:00","862.77","816.106"
"2020-07-01 11:45:00","1,075.079","1,018.467"
"2020-07-01 12:00:00","831.857","827.374"
"2020-07-01 12:15:00","716.425","703.149"
"2020-07-01 12:30:00","148.256","143.521"
"2020-07-01 12:45:00","39.849","42.112"
"2020-07-01 13:00:00","42.914","56.472"
"2020-07-01 13:15:00","67.362","95.943"
"2020-07-01 13:30:00","120.759","168.843"
"2020-07-01 13:45:00","175.918","231.442"
"2020-07-01 14:00:00","252.157","304.199"
"2020-07-01 14:15:00","356.992","395.07"
"2020-07-01 14:30:00","536.398","555.244"
"2020-07-01 14:45:00","635.493","642.662"
"2020-07-01 15:00:00","577.215","573.492"
"2020-07-01 15:15:00","289.484","314.49"
"2020-07-01 15:30:00","740.196","744.57"
"2020-07-01 15:45:00","880.298","847.235"
"2020-07-01 16:00:00","768.121","728.375"
"2020-07-01 16:15:00","165.537","179.958"
"2020-07-01 16:30:00","494.743","502.443"
"2020-07-01 16:45:00","274.388","287.881"
"2020-07-01 17:00:00","96.054","118.817"
"2020-07-01 17:15:00","79.007","104.23"
"2020-07-01 17:30:00","87.619","118.144"
"2020-07-01 17:45:00","98.425","117.922"
"2020-07-01 18:00:00","59.67","66.2"
"2020-07-01 18:15:00","29.818","35.575"
"2020-07-01 18:30:00","32.81","46.101"
"2020-07-01 18:45:00","59.042","77.424"
"2020-07-01 19:00:00","48.485","59.473"
"2020-07-01 19:15:00","36.722","44.217"
"2020-07-01 19:30:00","23.472","30.724"
"2020-07-01 19:45:00","18.541","24.4"
"2020-07-01 20:00:00","7.58","12.452"
"2020-07-01 20:15:00","1.916","2.549"
"2020-07-01 20:30:00","0.053","0.528"
"2020-07-01 20:45:00","0","-0.765"
"2020-07-01 21:00:00","0","-1.166"
"2020-07-01 21:15:00","0","-1.065"
"2020-07-01 21:30:00","0","-1.079"
"2020-07-01 21:45:00","0","-1.194"
"2020-07-01 22:00:00","0","-1.1"
"2020-07-01 22:15:00","0","-0.892"
"2020-07-01 22:30:00","0","-1.068"
"2020-07-01 22:45:00","0","-1.123"
"2020-07-01 23:00:00","0","-0.989"
"2020-07-01 23:15:00","0","-1.129"
"2020-07-01 23:30:00","0","-0.973"
"2020-07-01 23:45:00","0","-0.989"
"2020-07-02 00:00:00","0","-1.095"
"2020-07-02 00:15:00","0","-1.056"
"2020-07-02 00:30:00","0","-0.962"
"2020-07-02 00:45:00","0","-1.136"
"2020-07-02 01:00:00","0","-1.005"
"2020-07-02 01:15:00","0","-0.95"
"2020-07-02 01:30:00","0","-1.016"
"2020-07-02 01:45:00","0","-0.883"
"2020-07-02 02:00:00","0","-0.832"
"2020-07-02 02:15:00","0","-0.947"
"2020-07-02 02:30:00","0","-0.93"
"2020-07-02 02:45:00","0","-0.944"
"2020-07-02 03:00:00","0","-0.412"
"2020-07-02 03:15:00","0","-0.32"
"2020-07-02 03:30:00","0","-0.328"
"2020-07-02 03:45:00","0","-0.341"
"2020-07-02 04:00:00","0","-0.333"
"2020-07-02 04:15:00","0","-0.307"
"2020-07-02 04:30:00","0","-0.266"
"2020-07-02 04:45:00","0","-0.106"
"2020-07-02 05:00:00","0.354","0.54"
"2020-07-02 05:15:00","2.666","3.111"
"2020-07-02 05:30:00","7.908","8.991"
"2020-07-02 05:45:00","4.229","19.491"
"2020-07-02 06:00:00","19.297","35.11"
"2020-07-02 06:15:00","35.741","51.735"
"2020-07-02 06:30:00","116.786","91.08"
"2020-07-02 06:45:00","139.236","111.44"
"2020-07-02 07:00:00","144.596","130.406"
"2020-07-02 07:15:00","135.336","133.907"
"2020-07-02 07:30:00","210.637","204.498"
"2020-07-02 07:45:00","320.825","295.334"
"2020-07-02 08:00:00","420.401","392.196"
"2020-07-02 08:15:00","445.556","437.513"
"2020-07-02 08:30:00","509.792","484.078"
"2020-07-02 08:45:00","576.762","551.289"
"2020-07-02 09:00:00","611.983","575.145"
"2020-07-02 09:15:00","656.612","611.487"
"2020-07-02 09:30:00","707.001","651.643"
"2020-07-02 09:45:00","751.257","689.856"
"2020-07-02 10:00:00","790.893","725.414"
"2020-07-02 10:15:00","829.348","759.48"
"2020-07-02 10:30:00","862.48","789.259"
"2020-07-02 10:45:00","895.211","819.39"
"2020-07-02 11:00:00","920.723","842.678"
"2020-07-02 11:15:00","944.779","867.069"
"2020-07-02 11:30:00","962.479","882.12"
"2020-07-02 11:45:00","987.923","904.055"
"2020-07-02 12:00:00","995.874","917.131"
"2020-07-02 12:15:00","985.375","910.648"
"2020-07-02 12:30:00","996.801","924.381"
"2020-07-02 12:45:00","997.77","925.251"
"2020-07-02 13:00:00","991.61","921.473"
"2020-07-02 13:15:00","985.662","916.703"
"2020-07-02 13:30:00","974.541","908.258"
"2020-07-02 13:45:00","964.947","899.047"
"2020-07-02 14:00:00","949.32","886.865"
"2020-07-02 14:15:00","954.052","900.367"
"2020-07-02 14:30:00","931.61","879.312"
"2020-07-02 14:45:00","907.225","861.794"
"2020-07-02 15:00:00","821.462","778.124"
"2020-07-02 15:15:00","703.659","677.233"
"2020-07-02 15:30:00","370.047","371.573"
"2020-07-02 15:45:00","659.737","632.541"
"2020-07-02 16:00:00","697.245","667.399"
"2020-07-02 16:15:00","626.715","610.574"
"2020-07-02 16:30:00","299.96","312.089"
"2020-07-02 16:45:00","383.091","382.385"
"2020-07-02 17:00:00","347.684","366.978"
"2020-07-02 17:15:00","484.58","503.665"
"2020-07-02 17:30:00","427.265","456.495"
"2020-07-02 17:45:00","384.056","420.625"
"2020-07-02 18:00:00","290.816","326.174"
"2020-07-02 18:15:00","170.692","192.927"
"2020-07-02 18:30:00","143.132","173.373"
"2020-07-02 18:45:00","167.656","227.232"
"2020-07-02 19:00:00","93.072","153.201"
"2020-07-02 19:15:00","46.608","59.993"
"2020-07-02 19:30:00","33.671","46.435"
"2020-07-02 19:45:00","23.2","30.799"
"2020-07-02 20:00:00","7.47","16.933"
"2020-07-02 20:15:00","4.117","5.959"
"2020-07-02 20:30:00","0","0.338"
"2020-07-02 20:45:00","0","-1.31"
"2020-07-02 21:00:00","0","-1.526"
"2020-07-02 21:15:00","0","-1.718"
"2020-07-02 21:30:00","0","-1.802"
"2020-07-02 21:45:00","0","-1.566"
"2020-07-02 22:00:00","0","-1.557"
"2020-07-02 22:15:00","0","-1.098"
"2020-07-02 22:30:00","0","-0.767"
"2020-07-02 22:45:00","0","-0.473"
"2020-07-02 23:00:00","0","-0.365"
"2020-07-02 23:15:00","0","-0.589"
"2020-07-02 23:30:00","0","-0.603"
"2020-07-02 23:45:00","0","-0.613"
"2020-07-03 00:00:00","0","-0.653"
"2020-07-03 00:15:00","0","-0.778"
"2020-07-03 00:30:00","0","-1.027"
"2020-07-03 00:45:00","0","-0.679"
"2020-07-03 01:00:00","0","-0.602"
"2020-07-03 01:15:00","0","-0.859"
"2020-07-03 01:30:00","0","-1.156"
"2020-07-03 01:45:00","0","-1.13"
"2020-07-03 02:00:00","0","-1.095"
"2020-07-03 02:15:00","0","-1.001"
"2020-07-03 02:30:00","0","-0.504"
"2020-07-03 02:45:00","0","-0.417"
"2020-07-03 03:00:00","0","-0.426"
"2020-07-03 03:15:00","0","-0.51"
"2020-07-03 03:30:00","0","-0.876"
"2020-07-03 03:45:00","0","-1.318"
"2020-07-03 04:00:00","0","-1.084"
"2020-07-03 04:15:00","0","-1.215"
"2020-07-03 04:30:00","0","-1.121"
"2020-07-03 04:45:00","0","-1.091"
"2020-07-03 05:00:00","0","-0.102"
"2020-07-03 05:15:00","2.056","2.754"
"2020-07-03 05:30:00","9.7","11.985"
"2020-07-03 05:45:00","3.85","30.456"
"2020-07-03 06:00:00","18.722","46.319"
"2020-07-03 06:15:00","35.231","73.917"
"2020-07-03 06:30:00","114.864","82.223"
"2020-07-03 06:45:00","119.212","107.676"
"2020-07-03 07:00:00","100.021","100.294"
"2020-07-03 07:15:00","100.069","105.937"
"2020-07-03 07:30:00","165.334","167.504"
"2020-07-03 07:45:00","247.635","245.086"
"2020-07-03 08:00:00","286.586","278.089"
"2020-07-03 08:15:00","172.373","174.948"
"2020-07-03 08:30:00","201.829","204.964"
"2020-07-03 08:45:00","371.362","363.469"
"2020-07-03 09:00:00","347.301","347.159"
"2020-07-03 09:15:00","438.932","430.002"
"2020-07-03 09:30:00","591.7","575.771"
"2020-07-03 09:45:00","666.423","652.207"
"2020-07-03 10:00:00","761.109","719.299"
"2020-07-03 10:15:00","766.365","736.204"
"2020-07-03 10:30:00","344.916","353.86"
"2020-07-03 10:45:00","417.622","427.595"
"2020-07-03 11:00:00","398.651","421.323"
"2020-07-03 11:15:00","231.716","245.641"
"2020-07-03 11:30:00","215.605","232.064"
"2020-07-03 11:45:00","429.753","451.576"
"2020-07-03 12:00:00","736.081","719.878"
"2020-07-03 12:15:00","982.622","918.043"
"2020-07-03 12:30:00","873.065","850.984"
"2020-07-03 12:45:00","400.018","438.567"
"2020-07-03 13:00:00","383.941","423.442"
"2020-07-03 13:15:00","414.541","438.954"
"2020-07-03 13:30:00","570.163","604.455"
"2020-07-03 13:45:00","613.015","600.673"
"2020-07-03 14:00:00","107.991","91.741"
"2020-07-03 14:15:00","21.576","23.775"
"2020-07-03 14:30:00","58.586","72.134"
"2020-07-03 14:45:00","175.711","221.38"
"2020-07-03 15:00:00","177.013","198.126"
"2020-07-03 15:15:00","285.823","313.195"
"2020-07-03 15:30:00","306.842","330.713"
"2020-07-03 15:45:00","167.215","182.718"
"2020-07-03 16:00:00","118.569","126.263"
"2020-07-03 16:15:00","236.22","262.125"
"2020-07-03 16:30:00","141.492","144.373"
"2020-07-03 16:45:00","37.367","42.18"
"2020-07-03 17:00:00","43.575","50.302"
"2020-07-03 17:15:00","70.127","78.996"
"2020-07-03 17:30:00","21.78","23.455"
"2020-07-03 17:45:00","20.453","21.941"
"2020-07-03 18:00:00","16.521","18.533"
"2020-07-03 18:15:00","19.913","23.406"
"2020-07-03 18:30:00","50.477","58.686"
"2020-07-03 18:45:00","56.011","61.553"
"2020-07-03 19:00:00","30.107","34.165"
"2020-07-03 19:15:00","30.011","34.551"
"2020-07-03 19:30:00","28","32.844"
"2020-07-03 19:45:00","23.502","30.639"
"2020-07-03 20:00:00","7.33","15.144"
"2020-07-03 20:15:00","8.451","10.144"
"2020-07-03 20:30:00","1.291","1.89"
"2020-07-03 20:45:00","0","-0.113"
"2020-07-03 21:00:00","0","-0.731"
"2020-07-03 21:15:00","0","-0.795"
"2020-07-03 21:30:00","0","-0.541"
"2020-07-03 21:45:00","0","-0.221"
"2020-07-03 22:00:00","0","-0.085"
"2020-07-03 22:15:00","0","0.028"
"2020-07-03 22:30:00","0","0.101"
"2020-07-03 22:45:00","0","0.043"
"2020-07-03 23:00:00","0","0.228"
"2020-07-03 23:15:00","0","0.236"
"2020-07-03 23:30:00","0","0.159"
"2020-07-03 23:45:00","0","-0.031"
"2020-07-04 00:00:00","0","-0.604"
"2020-07-04 00:15:00","0","-0.761"
"2020-07-04 00:30:00","0","-1.084"
"2020-07-04 00:45:00","0","-0.895"
"2020-07-04 01:00:00","0","-0.105"
"2020-07-04 01:15:00","0","-0.08"
"2020-07-04 01:30:00","0","-0.124"
"2020-07-04 01:45:00","0","-0.116"
"2020-07-04 02:00:00","0","-0.174"
"2020-07-04 02:15:00","0","-0.115"
"2020-07-04 02:30:00","0","-0.154"
"2020-07-04 02:45:00","0","-0.179"
"2020-07-04 03:00:00","0","-0.212"
"2020-07-04 03:15:00","0","-0.179"
"2020-07-04 03:30:00","0","-0.202"
"2020-07-04 03:45:00","0","-0.199"
"2020-07-04 04:00:00","0","-0.205"
"2020-07-04 04:15:00","0","-0.302"
"2020-07-04 04:30:00","0","-0.378"
"2020-07-04 04:45:00","0","-0.86"
"2020-07-04 05:00:00","0","-0.144"
"2020-07-04 05:15:00","1.956","3.07"
"2020-07-04 05:30:00","8.805","11.326"
"2020-07-04 05:45:00","3.47","23.226"
"2020-07-04 06:00:00","18.123","35.524"
"2020-07-04 06:15:00","34.694","73.204"
"2020-07-04 06:30:00","112.885","139.971"
"2020-07-04 06:45:00","110.309","114.373"
"2020-07-04 07:00:00","90.338","90.299"
"2020-07-04 07:15:00","100.894","101.993"
"2020-07-04 07:30:00","142.6","138.228"
"2020-07-04 07:45:00","155.18","152.795"
"2020-07-04 08:00:00","159.176","161.837"
"2020-07-04 08:15:00","200.835","205.007"
"2020-07-04 08:30:00","259.294","260.822"
"2020-07-04 08:45:00","285.942","286.776"
"2020-07-04 09:00:00","381.68","379.667"
"2020-07-04 09:15:00","678.595","641.157"
"2020-07-04 09:30:00","623.977","607.928"
"2020-07-04 09:45:00","455.387","456.758"
"2020-07-04 10:00:00","561.397","541.907"
"2020-07-04 10:15:00","642.609","613.738"
"2020-07-04 10:30:00","652.419","608.126"
"2020-07-04 10:45:00","345.508","341.496"
"2020-07-04 11:00:00","1,002.117","901.559"
"2020-07-04 11:15:00","978.281","895.317"
"2020-07-04 11:30:00","983.198","898.676"
"2020-07-04 11:45:00","1,002.261","917.322"
"2020-07-04 12:00:00","1,009.332","925.108"
"2020-07-04 12:15:00","1,017.86","935.27"
"2020-07-04 12:30:00","1,017.186","938.062"
"2020-07-04 12:45:00","1,020.996","943.553"
"2020-07-04 13:00:00","1,019.395","943.945"
"2020-07-04 13:15:00","1,018.343","943.696"
"2020-07-04 13:30:00","1,009.852","936.879"
"2020-07-04 13:45:00","996.671","924.173"
"2020-07-04 14:00:00","979.683","907.938"
"2020-07-04 14:15:00","959.623","890.122"
"2020-07-04 14:30:00","934.566","869.896"
"2020-07-04 14:45:00","914.807","868.461"
"2020-07-04 15:00:00","395.357","409.796"
"2020-07-04 15:15:00","281.174","290.828"
"2020-07-04 15:30:00","226.211","243.013"
"2020-07-04 15:45:00","219.186","248.751"
"2020-07-04 16:00:00","197.439","217.237"
"2020-07-04 16:15:00","198.854","221.538"
"2020-07-04 16:30:00","508.959","489.763"
"2020-07-04 16:45:00","619.525","583.785"
"2020-07-04 17:00:00","530.851","528.004"
"2020-07-04 17:15:00","488.748","501.778"
"2020-07-04 17:30:00","431.312","470.325"
"2020-07-04 17:45:00","356.603","394.764"
"2020-07-04 18:00:00","303.604","339.065"
"2020-07-04 18:15:00","326.26","372.639"
"2020-07-04 18:30:00","249.008","294.099"
"2020-07-04 18:45:00","84.003","103.189"
"2020-07-04 19:00:00","91.17","164.22"
"2020-07-04 19:15:00","65.691","76.636"
"2020-07-04 19:30:00","49.546","56.843"
"2020-07-04 19:45:00","23.312","43.404"
"2020-07-04 20:00:00","7.16","29.868"
"2020-07-04 20:15:00","8.742","11.382"
"2020-07-04 20:30:00","0.084","0.897"
"2020-07-04 20:45:00","0","-1.069"
"2020-07-04 21:00:00","0","-1.329"
"2020-07-04 21:15:00","0","-1.289"
"2020-07-04 21:30:00","0","-1.294"
"2020-07-04 21:45:00","0","-1.321"
"2020-07-04 22:00:00","0","-1.291"
"2020-07-04 22:15:00","0","-1.263"
"2020-07-04 22:30:00","0","-1.257"
"2020-07-04 22:45:00","0","-1.216"
"2020-07-04 23:00:00","0","-1.194"
"2020-07-04 23:15:00","0","-1.108"
"2020-07-04 23:30:00","0","-1.084"
"2020-07-04 23:45:00","0","-1.149"
"2020-07-05 00:00:00","0","-1.185"
"2020-07-05 00:15:00","0","-1.002"
"2020-07-05 00:30:00","0","-0.963"
"2020-07-05 00:45:00","0","-1.073"
"2020-07-05 01:00:00","0","-1.154"
"2020-07-05 01:15:00","0","-1.19"
"2020-07-05 01:30:00","0","-1.167"
"2020-07-05 01:45:00","0","-1.132"
"2020-07-05 02:00:00","0","-1.116"
"2020-07-05 02:15:00","0","-1.1"
"2020-07-05 02:30:00","0","-1"
"2020-07-05 02:45:00","0","-0.924"
"2020-07-05 03:00:00","0","-0.937"
"2020-07-05 03:15:00","0","-0.897"
"2020-07-05 03:30:00","0","-0.739"
"2020-07-05 03:45:00","0","-0.704"
"2020-07-05 04:00:00","0","-0.801"
"2020-07-05 04:15:00","0","-0.751"
"2020-07-05 04:30:00","0","-0.6"
"2020-07-05 04:45:00","0","-0.555"
"2020-07-05 05:00:00","0","-0.187"
"2020-07-05 05:15:00","1.198","1.39"
"2020-07-05 05:30:00","4.005","4.534"
"2020-07-05 05:45:00","3.095","12.928"
"2020-07-05 06:00:00","17.499","22.704"
"2020-07-05 06:15:00","32.328","35.169"
"2020-07-05 06:30:00","45.798","49.933"
"2020-07-05 06:45:00","47.02","51.449"
"2020-07-05 07:00:00","56.622","61.734"
"2020-07-05 07:15:00","51.26","57.476"
"2020-07-05 07:30:00","120.571","123.337"
"2020-07-05 07:45:00","135.936","138.649"
"2020-07-05 08:00:00","218.442","226.917"
"2020-07-05 08:15:00","301.826","296.191"
"2020-07-05 08:30:00","465.628","441.094"
"2020-07-05 08:45:00","377.483","362.694"
"2020-07-05 09:00:00","643.678","614.388"
"2020-07-05 09:15:00","483.757","459.852"
"2020-07-05 09:30:00","620.665","576.093"
"2020-07-05 09:45:00","739.497","685.936"
"2020-07-05 10:00:00","771.374","712.364"
"2020-07-05 10:15:00","805.541","741.675"
"2020-07-05 10:30:00","864.932","794.323"
"2020-07-05 10:45:00","893.221","818.69"
"2020-07-05 11:00:00","918.298","840.235"
"2020-07-05 11:15:00","948.984","868.113"
"2020-07-05 11:30:00","958.781","878.268"
"2020-07-05 11:45:00","985.166","892.961"
"2020-07-05 12:00:00","985.296","905.179"
"2020-07-05 12:15:00","997.589","919.603"
"2020-07-05 12:30:00","998.011","923.938"
"2020-07-05 12:45:00","1,011.474","937.605"
"2020-07-05 13:00:00","1,011.595","941.703"
"2020-07-05 13:15:00","1,019.136","949.806"
"2020-07-05 13:30:00","1,006.269","933.784"
"2020-07-05 13:45:00","995.585","923.335"
"2020-07-05 14:00:00","982.795","910.078"
"2020-07-05 14:15:00","959.826","889.816"
"2020-07-05 14:30:00","915.561","853.885"
"2020-07-05 14:45:00","767.069","731.807"
"2020-07-05 15:00:00","918.35","868.08"
"2020-07-05 15:15:00","815.945","777.253"
"2020-07-05 15:30:00","815.349","775.243"
"2020-07-05 15:45:00","779.14","740"
"2020-07-05 16:00:00","743.671","704.201"
"2020-07-05 16:15:00","709.301","668.128"
"2020-07-05 16:30:00","681.058","631.301"
"2020-07-05 16:45:00","622.551","589.5"
"2020-07-05 17:00:00","541.821","536.8"
"2020-07-05 17:15:00","482.286","493.485"
"2020-07-05 17:30:00","423.415","445.925"
"2020-07-05 17:45:00","350.484","379.451"
"2020-07-05 18:00:00","292.543","324.111"
"2020-07-05 18:15:00","265.007","302.138"
"2020-07-05 18:30:00","186.071","226.316"
"2020-07-05 18:45:00","110.203","163.895"
"2020-07-05 19:00:00","63.016","140.22"
"2020-07-05 19:15:00","40.84","53.341"
"2020-07-05 19:30:00","28.039","40.224"
"2020-07-05 19:45:00","23.085","35.947"
"2020-07-05 20:00:00","6.962","22.82"
"2020-07-05 20:15:00","5.052","7.725"
"2020-07-05 20:30:00","0","0.42"
"2020-07-05 20:45:00","0","-1.595"
"2020-07-05 21:00:00","0","-1.734"
"2020-07-05 21:15:00","0","-1.506"
"2020-07-05 21:30:00","0","-1.334"
"2020-07-05 21:45:00","0","-0.986"
"2020-07-05 22:00:00","0","-0.904"
"2020-07-05 22:15:00","0","-0.866"
"2020-07-05 22:30:00","0","-0.782"
"2020-07-05 22:45:00","0","-0.814"
"2020-07-05 23:00:00","0","-0.726"
"2020-07-05 23:15:00","0","-0.92"
"2020-07-05 23:30:00","0","-0.746"
"2020-07-05 23:45:00","0","-1.305"
"2020-07-06 00:00:00","0","-1.23"
"2020-07-06 00:15:00","0","-1.478"
"2020-07-06 00:30:00","0","-1.351"
"2020-07-06 00:45:00","0","-1.342"
"2020-07-06 01:00:00","0","-1.408"
"2020-07-06 01:15:00","0","-1.205"
"2020-07-06 01:30:00","0","-1.276"
"2020-07-06 01:45:00","0","-1.382"
"2020-07-06 02:00:00","0","-1.354"
"2020-07-06 02:15:00","0","-1.218"
"2020-07-06 02:30:00","0","-1.346"
"2020-07-06 02:45:00","0","-1.248"
"2020-07-06 03:00:00","0","-1.191"
"2020-07-06 03:15:00","0","-1.449"
"2020-07-06 03:30:00","0","-1.256"
"2020-07-06 03:45:00","0","-1.232"
"2020-07-06 04:00:00","0","-1.3"
"2020-07-06 04:15:00","0","-1.315"
"2020-07-06 04:30:00","0","-1.174"
"2020-07-06 04:45:00","0","-1.3"
"2020-07-06 05:00:00","0","-0.095"
"2020-07-06 05:15:00","3.333","5.21"
"2020-07-06 05:30:00","11.112","13.828"
"2020-07-06 05:45:00","2.726","24.253"
"2020-07-06 06:00:00","16.852","33.273"
"2020-07-06 06:15:00","33.545","69.49"
"2020-07-06 06:30:00","84.129","133.786"
"2020-07-06 06:45:00","63.474","173.382"
"2020-07-06 07:00:00","175.901","215.138"
"2020-07-06 07:15:00","264.179","258.851"
"2020-07-06 07:30:00","312.53","302.809"
"2020-07-06 07:45:00","363.267","347.583"
"2020-07-06 08:00:00","414.033","393.42"
"2020-07-06 08:15:00","464.215","438.927"
"2020-07-06 08:30:00","513.671","484.346"
"2020-07-06 08:45:00","561.503","527.577"
"2020-07-06 09:00:00","609.837","570.934"
"2020-07-06 09:15:00","655.436","611.264"
"2020-07-06 09:30:00","701.887","651.974"
"2020-07-06 09:45:00","743.817","688.125"
"2020-07-06 10:00:00","784.408","723.462"
"2020-07-06 10:15:00","821.343","755.812"
"2020-07-06 10:30:00","856.647","786.35"
"2020-07-06 10:45:00","889.918","815.67"
"2020-07-06 11:00:00","915.182","837.81"
"2020-07-06 11:15:00","939.406","859.404"
"2020-07-06 11:30:00","962.628","881.038"
"2020-07-06 11:45:00","980.565","898.259"
"2020-07-06 12:00:00","993.57","910.838"
"2020-07-06 12:15:00","999.616","919.044"
"2020-07-06 12:30:00","1,003.894","926.092"
"2020-07-06 12:45:00","1,002.826","927.533"
"2020-07-06 13:00:00","1,011.323","938.037"
"2020-07-06 13:15:00","996.378","924.267"
"2020-07-06 13:30:00","989.151","918.956"
"2020-07-06 13:45:00","988.876","910.733"
"2020-07-06 14:00:00","962.405","893.184"
"2020-07-06 14:15:00","951.474","884.549"
"2020-07-06 14:30:00","927.887","865.83"
"2020-07-06 14:45:00","898.697","844.549"
"2020-07-06 15:00:00","872.004","825.727"
"2020-07-06 15:15:00","830.432","796.497"
"2020-07-06 15:30:00","799.45","770.353"
"2020-07-06 15:45:00","768.228","735.634"
"2020-07-06 16:00:00","719.756","684.653"
"2020-07-06 16:15:00","685.753","650.705"
"2020-07-06 16:30:00","659.373","624.529"
"2020-07-06 16:45:00","613.089","590.176"
"2020-07-06 17:00:00","556.399","555.574"
"2020-07-06 17:15:00","99.277","112.779"
"2020-07-06 17:30:00","285.947","305.707"
"2020-07-06 17:45:00","403.005","432.832"
"2020-07-06 18:00:00","118.398","124.382"
"2020-07-06 18:15:00","146.838","172.46"
"2020-07-06 18:30:00","65.22","79.693"
"2020-07-06 18:45:00","20.403","23.497"
"2020-07-06 19:00:00","36.106","39.207"
"2020-07-06 19:15:00","15.999","18.055"
"2020-07-06 19:30:00","5.589","6.791"
"2020-07-06 19:45:00","15.55","17.891"
"2020-07-06 20:00:00","6.735","27.879"
"2020-07-06 20:15:00","11.981","14.225"
"2020-07-06 20:30:00","2.144","2.938"
"2020-07-06 20:45:00","0","0.038"
"2020-07-06 21:00:00","0","0.02"
"2020-07-06 21:15:00","0","-0.382"
"2020-07-06 21:30:00","0","-0.471"
"2020-07-06 21:45:00","0","-0.587"
"2020-07-06 22:00:00","0","-0.82"
"2020-07-06 22:15:00","0","-0.786"
"2020-07-06 22:30:00","0","-0.859"
"2020-07-06 22:45:00","0","-0.859"
"2020-07-06 23:00:00","0","-0.917"
"2020-07-06 23:15:00","0","-1.036"
"2020-07-06 23:30:00","0","-0.957"
"2020-07-06 23:45:00","0","-0.897"
"2020-07-07 00:00:00","0","-0.906"
"2020-07-07 00:15:00","0","-0.957"
"2020-07-07 00:30:00","0","-0.95"
"2020-07-07 00:45:00","0","-0.953"
"2020-07-07 01:00:00","0","-0.865"
"2020-07-07 01:15:00","0","-0.95"
"2020-07-07 01:30:00","0","-0.876"
"2020-07-07 01:45:00","0","-0.643"
"2020-07-07 02:00:00","0","-0.716"
"2020-07-07 02:15:00","0","-0.91"
"2020-07-07 02:30:00","0","-0.943"
"2020-07-07 02:45:00","0","-1.109"
"2020-07-07 03:00:00","0","-0.942"
"2020-07-07 03:15:00","0","-1.08"
"2020-07-07 03:30:00","0","-0.745"
"2020-07-07 03:45:00","0","-0.595"
"2020-07-07 04:00:00","0","-0.528"
"2020-07-07 04:15:00","0","-0.481"
"2020-07-07 04:30:00","0","-0.413"
"2020-07-07 04:45:00","0","-0.346"
"2020-07-07 05:00:00","0","-0.136"
"2020-07-07 05:15:00","1.088","1.719"
"2020-07-07 05:30:00","4.534","5.617"
"2020-07-07 05:45:00","2.368","12.085"
"2020-07-07 06:00:00","16.183","33.523"
"2020-07-07 06:15:00","32.931","56.244"
"2020-07-07 06:30:00","106.627","60.421"
"2020-07-07 06:45:00","85.196","78.705"
"2020-07-07 07:00:00","124.487","112.732"
"2020-07-07 07:15:00","113.574","112.727"
"2020-07-07 07:30:00","129.518","129.296"
"2020-07-07 07:45:00","144.836","147.714"
"2020-07-07 08:00:00","168.162","171.27"
"2020-07-07 08:15:00","178.432","184.361"
"2020-07-07 08:30:00","194.007","202.786"
"2020-07-07 08:45:00","288.332","291.98"
"2020-07-07 09:00:00","260.317","272.015"
"2020-07-07 09:15:00","268.698","283.876"
"2020-07-07 09:30:00","259.699","281.24"
"2020-07-07 09:45:00","239.732","255.024"
"2020-07-07 10:00:00","318.834","334.497"
"2020-07-07 10:15:00","364.648","383.217"
"2020-07-07 10:30:00","338.404","357.739"
"2020-07-07 10:45:00","372.916","396.936"
"2020-07-07 11:00:00","443.9","460.915"
"2020-07-07 11:15:00","351.141","371.619"
"2020-07-07 11:30:00","402.214","431.235"
"2020-07-07 11:45:00","409.959","440.467"
"2020-07-07 12:00:00","375.311","407.714"
"2020-07-07 12:15:00","307.247","324.916"
"2020-07-07 12:30:00","253.438","275.897"
"2020-07-07 12:45:00","226.262","247.775"
"2020-07-07 13:00:00","405.174","427.283"
"2020-07-07 13:15:00","359.201","396.31"
"2020-07-07 13:30:00","310.355","343.119"
"2020-07-07 13:45:00","317.047","348.392"
"2020-07-07 14:00:00","279.955","302.084"
"2020-07-07 14:15:00","203.997","217.569"
"2020-07-07 14:30:00","142.058","156.151"
"2020-07-07 14:45:00","130.679","139.634"
"2020-07-07 15:00:00","370.202","400.727"
"2020-07-07 15:15:00","441.899","472.861"
"2020-07-07 15:30:00","382.854","414.175"
"2020-07-07 15:45:00","348.482","381.073"
"2020-07-07 16:00:00","339.053","371.946"
"2020-07-07 16:15:00","233.368","257.382"
"2020-07-07 16:30:00","243.681","265.934"
"2020-07-07 16:45:00","367.826","399.689"
"2020-07-07 17:00:00","549.126","552.49"
"2020-07-07 17:15:00","499.816","517.436"
"2020-07-07 17:30:00","210.29","237.776"
"2020-07-07 17:45:00","155.771","177.941"
"2020-07-07 18:00:00","128.45","144.839"
"2020-07-07 18:15:00","93.028","109.215"
"2020-07-07 18:30:00","88.835","102.152"
"2020-07-07 18:45:00","73.4","84.434"
"2020-07-07 19:00:00","38.089","43.843"
"2020-07-07 19:15:00","39.455","52.244"
"2020-07-07 19:30:00","39.881","45.715"
"2020-07-07 19:45:00","21.848","25.577"
"2020-07-07 20:00:00","6.482","14.924"
"2020-07-07 20:15:00","4.196","4.999"
"2020-07-07 20:30:00","0.395","0.688"
"2020-07-07 20:45:00","0","-0.123"
"2020-07-07 21:00:00","0","-0.247"
"2020-07-07 21:15:00","0","-0.233"
"2020-07-07 21:30:00","0","-0.243"
"2020-07-07 21:45:00","0","-0.192"
"2020-07-07 22:00:00","0","-0.214"
"2020-07-07 22:15:00","0","-0.226"
"2020-07-07 22:30:00","0","-0.221"
"2020-07-07 22:45:00","0","-0.225"
"2020-07-07 23:00:00","0","-0.249"
"2020-07-07 23:15:00","0","-0.591"
"2020-07-07 23:30:00","0","-0.785"
"2020-07-07 23:45:00","0","-0.493"
"2020-07-08 00:00:00","0","-0.3"
"2020-07-08 00:15:00","0","-0.262"
"2020-07-08 00:30:00","0","-0.271"
"2020-07-08 00:45:00","0","-0.238"
"2020-07-08 01:00:00","0","-0.282"
"2020-07-08 01:15:00","0","-0.293"
"2020-07-08 01:30:00","0","-0.375"
"2020-07-08 01:45:00","0","-0.266"
"2020-07-08 02:00:00","0","-0.249"
"2020-07-08 02:15:00","0","-0.264"
"2020-07-08 02:30:00","0","-0.253"
"2020-07-08 02:45:00","0","-0.228"
"2020-07-08 03:00:00","0","-0.212"
"2020-07-08 03:15:00","0","-0.422"
"2020-07-08 03:30:00","0","-0.502"
"2020-07-08 03:45:00","0","-0.397"
"2020-07-08 04:00:00","0","-0.367"
"2020-07-08 04:15:00","0","-0.342"
"2020-07-08 04:30:00","0","-0.338"
"2020-07-08 04:45:00","0","-0.303"
"2020-07-08 05:00:00","0","-0.23"
"2020-07-08 05:15:00","0.252","0.525"
"2020-07-08 05:30:00","2.216","2.707"
"2020-07-08 05:45:00","2.024","10.115"
"2020-07-08 06:00:00","13.058","14.557"
"2020-07-08 06:15:00","16.644","18.481"
"2020-07-08 06:30:00","23.928","26.338"
"2020-07-08 06:45:00","33.303","36.874"
"2020-07-08 07:00:00","32.689","36.509"
"2020-07-08 07:15:00","32.554","35.997"
"2020-07-08 07:30:00","66.025","71.918"
"2020-07-08 07:45:00","94.866","104.662"
"2020-07-08 08:00:00","151.615","158.964"
"2020-07-08 08:15:00","110.218","121.466"
"2020-07-08 08:30:00","118.97","128.514"
"2020-07-08 08:45:00","88.88","98.235"
"2020-07-08 09:00:00","142.463","155.417"
"2020-07-08 09:15:00","167.368","184.387"
"2020-07-08 09:30:00","143.971","159.286"
"2020-07-08 09:45:00","170.948","183.753"
"2020-07-08 10:00:00","170.997","183.878"
"2020-07-08 10:15:00","153.969","160.245"
"2020-07-08 10:30:00","164.692","167.648"
"2020-07-08 10:45:00","164.985","182.344"
"2020-07-08 11:00:00","127.33","143.517"
"2020-07-08 11:15:00","313.313","330.908"
"2020-07-08 11:30:00","239.877","264.141"
"2020-07-08 11:45:00","351.171","361.476"
"2020-07-08 12:00:00","366.44","384.289"
"2020-07-08 12:15:00","676.597","681.385"
"2020-07-08 12:30:00","514.116","526.834"
"2020-07-08 12:45:00","613.566","614.635"
"2020-07-08 13:00:00","392.288","404.786"
"2020-07-08 13:15:00","438.457","462.149"
"2020-07-08 13:30:00","455.698","477.485"
"2020-07-08 13:45:00","379.15","416.028"
"2020-07-08 14:00:00","193.218","206.379"
"2020-07-08 14:15:00","145.351","156.692"
"2020-07-08 14:30:00","107.023","116.206"
"2020-07-08 14:45:00","105.832","119.334"
"2020-07-08 15:00:00","84.282","92.258"
"2020-07-08 15:15:00","179.963","216.396"
"2020-07-08 15:30:00","271.76","306.818"
"2020-07-08 15:45:00","249.446","282.561"
"2020-07-08 16:00:00","260.006","283.837"
"2020-07-08 16:15:00","343.02","359.851"
"2020-07-08 16:30:00","285.798","301.119"
"2020-07-08 16:45:00","378.153","387.874"
"2020-07-08 17:00:00","220.874","241.749"
"2020-07-08 17:15:00","231.554","265.468"
"2020-07-08 17:30:00","395.477","423.219"
"2020-07-08 17:45:00","385.11","421.034"
"2020-07-08 18:00:00","148.69","176.616"
"2020-07-08 18:15:00","128.73","156.328"
"2020-07-08 18:30:00","108.366","121.872"
"2020-07-08 18:45:00","77.492","80.948"
"2020-07-08 19:00:00","45.679","46.763"
"2020-07-08 19:15:00","35.27","37.768"
"2020-07-08 19:30:00","32.179","36.636"
"2020-07-08 19:45:00","22.182","39.559"
"2020-07-08 20:00:00","6.202","37.762"
"2020-07-08 20:15:00","14.468","18.641"
"2020-07-08 20:30:00","2.992","4.025"
"2020-07-08 20:45:00","0","-0.744"
"2020-07-08 21:00:00","0","-1.023"
"2020-07-08 21:15:00","0","-1.14"
"2020-07-08 21:30:00","0","-1.149"
"2020-07-08 21:45:00","0","-1.016"
"2020-07-08 22:00:00","0","-1.084"
"2020-07-08 22:15:00","0","-1.088"
"2020-07-08 22:30:00","0","-1.038"
"2020-07-08 22:45:00","0","-1.036"
"2020-07-08 23:00:00","0","-1.07"
"2020-07-08 23:15:00","0","-1.069"
"2020-07-08 23:30:00","0","-1.149"
"2020-07-08 23:45:00","0","-0.95"
"2020-07-09 00:00:00","0","-0.447"
"2020-07-09 00:15:00","0","-0.714"
"2020-07-09 00:30:00","0","-1.055"
"2020-07-09 00:45:00","0","-1.138"
"2020-07-09 01:00:00","0","-1.042"
"2020-07-09 01:15:00","0","-1.012"
"2020-07-09 01:30:00","0","-0.557"
"2020-07-09 01:45:00","0","-0.329"
"2020-07-09 02:00:00","0","-0.281"
"2020-07-09 02:15:00","0","-0.286"
"2020-07-09 02:30:00","0","-0.223"
"2020-07-09 02:45:00","0","-0.288"
"2020-07-09 03:00:00","0","-0.199"
"2020-07-09 03:15:00","0","-0.22"
"2020-07-09 03:30:00","0","-0.174"
"2020-07-09 03:45:00","0","-0.166"
"2020-07-09 04:00:00","0","-0.197"
"2020-07-09 04:15:00","0","-0.239"
"2020-07-09 04:30:00","0","-0.244"
"2020-07-09 04:45:00","0","-0.238"
"2020-07-09 05:00:00","0","0.098"
"2020-07-09 05:15:00","1.231","1.584"
"2020-07-09 05:30:00","5.113","5.918"
"2020-07-09 05:45:00","1.7","15.515"
"2020-07-09 06:00:00","14.785","23.798"
"2020-07-09 06:15:00","31.629","37.824"
"2020-07-09 06:30:00","102.217","55.785"
"2020-07-09 06:45:00","97.892","84.954"
"2020-07-09 07:00:00","112.096","107.684"
"2020-07-09 07:15:00","154.582","149.447"
"2020-07-09 07:30:00","168.02","160.531"
"2020-07-09 07:45:00","212.04","205.259"
"2020-07-09 08:00:00","248.552","241.816"
"2020-07-09 08:15:00","441.51","427.799"
"2020-07-09 08:30:00","390.907","381.337"
"2020-07-09 08:45:00","342.022","340.062"
"2020-07-09 09:00:00","396.896","386.604"
"2020-07-09 09:15:00","556.387","529.019"
"2020-07-09 09:30:00","564.627","529.851"
"2020-07-09 09:45:00","701.217","650.971"
"2020-07-09 10:00:00","783.654","727.383"
"2020-07-09 10:15:00","795.622","735.376"
"2020-07-09 10:30:00","831.821","767.127"
"2020-07-09 10:45:00","875.547","806.053"
"2020-07-09 11:00:00","881.668","811.019"
"2020-07-09 11:15:00","906.591","833.192"
"2020-07-09 11:30:00","929.59","854.665"
"2020-07-09 11:45:00","846.355","787.02"
"2020-07-09 12:00:00","804.988","746.143"
"2020-07-09 12:15:00","998.446","922.401"
"2020-07-09 12:30:00","1,024.785","953.784"
"2020-07-09 12:45:00","674.317","631.954"
"2020-07-09 13:00:00","879.707","825.803"
"2020-07-09 13:15:00","880.782","821.667"
"2020-07-09 13:30:00","1,075.369","1,008.494"
"2020-07-09 13:45:00","671.922","635.738"
"2020-07-09 14:00:00","1,021.171","962.607"
"2020-07-09 14:15:00","949.476","902.862"
"2020-07-09 14:30:00","717.497","681.945"
"2020-07-09 14:45:00","460.417","454.673"
"2020-07-09 15:00:00","221.907","232.875"
"2020-07-09 15:15:00","508.381","497.455"
"2020-07-09 15:30:00","190.931","207.484"
"2020-07-09 15:45:00","379.388","395.734"
"2020-07-09 16:00:00","626.203","618.968"
"2020-07-09 16:15:00","642.628","621.187"
"2020-07-09 16:30:00","618.584","592.423"
"2020-07-09 16:45:00","599.086","574.903"
"2020-07-09 17:00:00","520.76","527.175"
"2020-07-09 17:15:00","455.167","470.273"
"2020-07-09 17:30:00","397.522","426.715"
"2020-07-09 17:45:00","338.92","369.579"
"2020-07-09 18:00:00","293.05","327.893"
"2020-07-09 18:15:00","244.419","281.985"
"2020-07-09 18:30:00","197.245","236.858"
"2020-07-09 18:45:00","133.435","193.112"
"2020-07-09 19:00:00","53.939","134.037"
"2020-07-09 19:15:00","36.524","46.715"
"2020-07-09 19:30:00","28.411","36.357"
"2020-07-09 19:45:00","19.658","25.085"
"2020-07-09 20:00:00","5.899","11.061"
"2020-07-09 20:15:00","3.017","4.171"
"2020-07-09 20:30:00","0","0.443"
"2020-07-09 20:45:00","0","-1.104"
"2020-07-09 21:00:00","0","-1.189"
"2020-07-09 21:15:00","0","-1.301"
"2020-07-09 21:30:00","0","-1.277"
"2020-07-09 21:45:00","0","-1.22"
"2020-07-09 22:00:00","0","-1.265"
"2020-07-09 22:15:00","0","-1.511"
"2020-07-09 22:30:00","0","-1.667"
"2020-07-09 22:45:00","0","-1.464"
"2020-07-09 23:00:00","0","-1.426"
"2020-07-09 23:15:00","0","-1.426"
"2020-07-09 23:30:00","0","-1.361"
"2020-07-09 23:45:00","0","-1.244"
"2020-07-10 00:00:00","0","-1.336"
"2020-07-10 00:15:00","0","-1.236"
"2020-07-10 00:30:00","0","-1.055"
"2020-07-10 00:45:00","0","-0.889"
"2020-07-10 01:00:00","0","-1.061"
"2020-07-10 01:15:00","0","-0.956"
"2020-07-10 01:30:00","0","-0.924"
"2020-07-10 01:45:00","0","-0.94"
"2020-07-10 02:00:00","0","-0.959"
"2020-07-10 02:15:00","0","-1.037"
"2020-07-10 02:30:00","0","-0.94"
"2020-07-10 02:45:00","0","-0.943"
"2020-07-10 03:00:00","0","-0.606"
"2020-07-10 03:15:00","0","-0.118"
"2020-07-10 03:30:00","0","-0.137"
"2020-07-10 03:45:00","0","-0.158"
"2020-07-10 04:00:00","0","-0.303"
"2020-07-10 04:15:00","0","-0.565"
"2020-07-10 04:30:00","0","-0.773"
"2020-07-10 04:45:00","0","-0.389"
"2020-07-10 05:00:00","0","0.262"
"2020-07-10 05:15:00","1.436","2.064"
"2020-07-10 05:30:00","5.65","6.547"
"2020-07-10 05:45:00","1.397","17.056"
"2020-07-10 06:00:00","14.059","28.827"
"2020-07-10 06:15:00","30.94","66.584"
"2020-07-10 06:30:00","99.95","98.697"
"2020-07-10 06:45:00","88.176","82.561"
"2020-07-10 07:00:00","50.415","57.116"
"2020-07-10 07:15:00","58.792","65.07"
"2020-07-10 07:30:00","59.767","65.38"
"2020-07-10 07:45:00","87.61","97.957"
"2020-07-10 08:00:00","112.787","122.229"
"2020-07-10 08:15:00","158.844","166.708"
"2020-07-10 08:30:00","163.25","173.483"
"2020-07-10 08:45:00","166.516","178.27"
"2020-07-10 09:00:00","",""
"2020-07-10 09:15:00","",""
"2020-07-10 09:30:00","",""
"2020-07-10 09:45:00","",""
"2020-07-10 10:00:00","",""
"2020-07-10 10:15:00","",""
"2020-07-10 10:30:00","",""
"2020-07-10 10:45:00","",""
"2020-07-10 11:00:00","",""
"2020-07-10 11:15:00","",""
"2020-07-10 11:30:00","",""
"2020-07-10 11:45:00","",""
"2020-07-10 12:00:00","",""
"2020-07-10 12:15:00","",""
"2020-07-10 12:30:00","",""
"2020-07-10 12:45:00","",""
"2020-07-10 13:00:00","",""
"2020-07-10 13:15:00","",""
"2020-07-10 13:30:00","",""
"2020-07-10 13:45:00","",""
"2020-07-10 14:00:00","",""
"2020-07-10 14:15:00","",""
"2020-07-10 14:30:00","",""
"2020-07-10 14:45:00","",""
"2020-07-10 15:00:00","",""
"2020-07-10 15:15:00","",""
"2020-07-10 15:30:00","",""
"2020-07-10 15:45:00","",""
"2020-07-10 16:00:00","",""
"2020-07-10 16:15:00","",""
"2020-07-10 16:30:00","",""
"2020-07-10 16:45:00","",""
"2020-07-10 17:00:00","",""
"2020-07-10 17:15:00","",""
"2020-07-10 17:30:00","",""
"2020-07-10 17:45:00","",""
"2020-07-10 18:00:00","",""
"2020-07-10 18:15:00","",""
"2020-07-10 18:30:00","",""
"2020-07-10 18:45:00","",""
"2020-07-10 19:00:00","",""
"2020-07-10 19:15:00","",""
"2020-07-10 19:30:00","",""
"2020-07-10 19:45:00","",""
"2020-07-10 20:00:00","",""
"2020-07-10 20:15:00","",""
"2020-07-10 20:30:00","",""
"2020-07-10 20:45:00","",""
"2020-07-10 21:00:00","",""
"2020-07-10 21:15:00","",""
"2020-07-10 21:30:00","",""
"2020-07-10 21:45:00","",""
"2020-07-10 22:00:00","",""
"2020-07-10 22:15:00","",""
"2020-07-10 22:30:00","",""
"2020-07-10 22:45:00","",""
"2020-07-10 23:00:00","",""
"2020-07-10 23:15:00","",""
"2020-07-10 23:30:00","",""
"2020-07-10 23:45:00","",""
"2020-07-11 00:00:00","",""
"2020-07-11 00:15:00","",""
"2020-07-11 00:30:00","",""
"2020-07-11 00:45:00","",""
"2020-07-11 01:00:00","",""
"2020-07-11 01:15:00","",""
"2020-07-11 01:30:00","",""
"2020-07-11 01:45:00","",""
"2020-07-11 02:00:00","",""
"2020-07-11 02:15:00","",""
"2020-07-11 02:30:00","",""
"2020-07-11 02:45:00","",""
"2020-07-11 03:00:00","",""
"2020-07-11 03:15:00","",""
"2020-07-11 03:30:00","",""
"2020-07-11 03:45:00","",""
"2020-07-11 04:00:00","",""
"2020-07-11 04:15:00","",""
"2020-07-11 04:30:00","",""
"2020-07-11 04:45:00","",""
"2020-07-11 05:00:00","",""
"2020-07-11 05:15:00","",""
"2020-07-11 05:30:00","",""
"2020-07-11 05:45:00","",""
"2020-07-11 06:00:00","",""
"2020-07-11 06:15:00","",""
"2020-07-11 06:30:00","",""
"2020-07-11 06:45:00","",""
"2020-07-11 07:00:00","",""
"2020-07-11 07:15:00","",""
"2020-07-11 07:30:00","",""
"2020-07-11 07:45:00","",""
"2020-07-11 08:00:00","",""
"2020-07-11 08:15:00","",""
"2020-07-11 08:30:00","",""
"2020-07-11 08:45:00","",""
"2020-07-11 09:00:00","",""
"2020-07-11 09:15:00","",""
"2020-07-11 09:30:00","",""
"2020-07-11 09:45:00","",""
"2020-07-11 10:00:00","",""
"2020-07-11 10:15:00","",""
"2020-07-11 10:30:00","",""
"2020-07-11 10:45:00","",""
"2020-07-11 11:00:00","",""
"2020-07-11 11:15:00","",""
"2020-07-11 11:30:00","",""
"2020-07-11 11:45:00","",""
"2020-07-11 12:00:00","",""
"2020-07-11 12:15:00","",""
"2020-07-11 12:30:00","",""
"2020-07-11 12:45:00","",""
"2020-07-11 13:00:00","",""
"2020-07-11 13:15:00","",""
"2020-07-11 13:30:00","",""
"2020-07-11 13:45:00","",""
"2020-07-11 14:00:00","",""
"2020-07-11 14:15:00","",""
"2020-07-11 14:30:00","",""
"2020-07-11 14:45:00","",""
"2020-07-11 15:00:00","",""
"2020-07-11 15:15:00","",""
"2020-07-11 15:30:00","",""
"2020-07-11 15:45:00","",""
"2020-07-11 16:00:00","",""
"2020-07-11 16:15:00","",""
"2020-07-11 16:30:00","",""
"2020-07-11 16:45:00","",""
"2020-07-11 17:00:00","",""
"2020-07-11 17:15:00","",""
"2020-07-11 17:30:00","",""
"2020-07-11 17:45:00","",""
"2020-07-11 18:00:00","",""
"2020-07-11 18:15:00","",""
"2020-07-11 18:30:00","",""
"2020-07-11 18:45:00","",""
"2020-07-11 19:00:00","",""
"2020-07-11 19:15:00","",""
"2020-07-11 19:30:00","",""
"2020-07-11 19:45:00","",""
"2020-07-11 20:00:00","",""
"2020-07-11 20:15:00","",""
"2020-07-11 20:30:00","",""
"2020-07-11 20:45:00","",""
"2020-07-11 21:00:00","",""
"2020-07-11 21:15:00","",""
"2020-07-11 21:30:00","",""
"2020-07-11 21:45:00","",""
"2020-07-11 22:00:00","",""
"2020-07-11 22:15:00","",""
"2020-07-11 22:30:00","",""
"2020-07-11 22:45:00","",""
"2020-07-11 23:00:00","",""
"2020-07-11 23:15:00","",""
"2020-07-11 23:30:00","",""
"2020-07-11 23:45:00","",""
"2020-07-12 00:00:00","",""
"2020-07-12 00:15:00","",""
"2020-07-12 00:30:00","",""
"2020-07-12 00:45:00","",""
"2020-07-12 01:00:00","",""
"2020-07-12 01:15:00","",""
"2020-07-12 01:30:00","",""
"2020-07-12 01:45:00","",""
"2020-07-12 02:00:00","",""
"2020-07-12 02:15:00","",""
"2020-07-12 02:30:00","",""
"2020-07-12 02:45:00","",""
"2020-07-12 03:00:00","",""
"2020-07-12 03:15:00","",""
"2020-07-12 03:30:00","",""
"2020-07-12 03:45:00","",""
"2020-07-12 04:00:00","",""
"2020-07-12 04:15:00","",""
"2020-07-12 04:30:00","",""
"2020-07-12 04:45:00","",""
"2020-07-12 05:00:00","",""
"2020-07-12 05:15:00","",""
"2020-07-12 05:30:00","",""
"2020-07-12 05:45:00","",""
"2020-07-12 06:00:00","",""
"2020-07-12 06:15:00","",""
"2020-07-12 06:30:00","",""
"2020-07-12 06:45:00","",""
"2020-07-12 07:00:00","",""
"2020-07-12 07:15:00","",""
"2020-07-12 07:30:00","",""
"2020-07-12 07:45:00","",""
"2020-07-12 08:00:00","",""
"2020-07-12 08:15:00","",""
"2020-07-12 08:30:00","",""
"2020-07-12 08:45:00","",""
"2020-07-12 09:00:00","",""
"2020-07-12 09:15:00","",""
"2020-07-12 09:30:00","",""
"2020-07-12 09:45:00","",""
"2020-07-12 10:00:00","",""
"2020-07-12 10:15:00","",""
"2020-07-12 10:30:00","",""
"2020-07-12 10:45:00","",""
"2020-07-12 11:00:00","",""
"2020-07-12 11:15:00","",""
"2020-07-12 11:30:00","",""
"2020-07-12 11:45:00","",""
"2020-07-12 12:00:00","",""
"2020-07-12 12:15:00","",""
"2020-07-12 12:30:00","",""
"2020-07-12 12:45:00","",""
"2020-07-12 13:00:00","",""
"2020-07-12 13:15:00","",""
"2020-07-12 13:30:00","",""
"2020-07-12 13:45:00","",""
"2020-07-12 14:00:00","",""
"2020-07-12 14:15:00","",""
"2020-07-12 14:30:00","",""
"2020-07-12 14:45:00","",""
"2020-07-12 15:00:00","",""
"2020-07-12 15:15:00","",""
"2020-07-12 15:30:00","",""
"2020-07-12 15:45:00","",""
"2020-07-12 16:00:00","",""
"2020-07-12 16:15:00","",""
"2020-07-12 16:30:00","",""
"2020-07-12 16:45:00","",""
"2020-07-12 17:00:00","",""
"2020-07-12 17:15:00","",""
"2020-07-12 17:30:00","",""
"2020-07-12 17:45:00","",""
"2020-07-12 18:00:00","",""
"2020-07-12 18:15:00","",""
"2020-07-12 18:30:00","",""
"2020-07-12 18:45:00","",""
"2020-07-12 19:00:00","",""
"2020-07-12 19:15:00","",""
"2020-07-12 19:30:00","",""
"2020-07-12 19:45:00","",""
"2020-07-12 20:00:00","",""
"2020-07-12 20:15:00","",""
"2020-07-12 20:30:00","",""
"2020-07-12 20:45:00","",""
"2020-07-12 21:00:00","",""
"2020-07-12 21:15:00","",""
"2020-07-12 21:30:00","",""
"2020-07-12 21:45:00","",""
"2020-07-12 22:00:00","",""
"2020-07-12 22:15:00","",""
"2020-07-12 22:30:00","",""
"2020-07-12 22:45:00","",""
"2020-07-12 23:00:00","",""
"2020-07-12 23:15:00","",""
"2020-07-12 23:30:00","",""
"2020-07-12 23:45:00","",""
"2020-07-13 00:00:00","",""
"2020-07-13 00:15:00","",""
"2020-07-13 00:30:00","",""
"2020-07-13 00:45:00","",""
"2020-07-13 01:00:00","",""
"2020-07-13 01:15:00","",""
"2020-07-13 01:30:00","",""
"2020-07-13 01:45:00","",""
"2020-07-13 02:00:00","",""
"2020-07-13 02:15:00","",""
"2020-07-13 02:30:00","",""
"2020-07-13 02:45:00","",""
"2020-07-13 03:00:00","",""
"2020-07-13 03:15:00","",""
"2020-07-13 03:30:00","",""
"2020-07-13 03:45:00","",""
"2020-07-13 04:00:00","",""
"2020-07-13 04:15:00","",""
"2020-07-13 04:30:00","",""
"2020-07-13 04:45:00","",""
"2020-07-13 05:00:00","",""
"2020-07-13 05:15:00","",""
"2020-07-13 05:30:00","",""
"2020-07-13 05:45:00","",""
"2020-07-13 06:00:00","",""
"2020-07-13 06:15:00","",""
"2020-07-13 06:30:00","",""
"2020-07-13 06:45:00","",""
"2020-07-13 07:00:00","",""
"2020-07-13 07:15:00","",""
"2020-07-13 07:30:00","",""
"2020-07-13 07:45:00","",""
"2020-07-13 08:00:00","",""
"2020-07-13 08:15:00","",""
"2020-07-13 08:30:00","",""
"2020-07-13 08:45:00","",""
"2020-07-13 09:00:00","",""
"2020-07-13 09:15:00","",""
"2020-07-13 09:30:00","",""
"2020-07-13 09:45:00","",""
"2020-07-13 10:00:00","",""
"2020-07-13 10:15:00","",""
"2020-07-13 10:30:00","",""
"2020-07-13 10:45:00","",""
"2020-07-13 11:00:00","",""
"2020-07-13 11:15:00","",""
"2020-07-13 11:30:00","",""
"2020-07-13 11:45:00","",""
"2020-07-13 12:00:00","",""
"2020-07-13 12:15:00","",""
"2020-07-13 12:30:00","",""
"2020-07-13 12:45:00","",""
"2020-07-13 13:00:00","",""
"2020-07-13 13:15:00","",""
"2020-07-13 13:30:00","",""
"2020-07-13 13:45:00","",""
"2020-07-13 14:00:00","",""
"2020-07-13 14:15:00","",""
"2020-07-13 14:30:00","",""
"2020-07-13 14:45:00","",""
"2020-07-13 15:00:00","",""
"2020-07-13 15:15:00","",""
"2020-07-13 15:30:00","",""
"2020-07-13 15:45:00","",""
"2020-07-13 16:00:00","",""
"2020-07-13 16:15:00","",""
"2020-07-13 16:30:00","",""
"2020-07-13 16:45:00","",""
"2020-07-13 17:00:00","",""
"2020-07-13 17:15:00","",""
"2020-07-13 17:30:00","",""
"2020-07-13 17:45:00","",""
"2020-07-13 18:00:00","",""
"2020-07-13 18:15:00","",""
"2020-07-13 18:30:00","",""
"2020-07-13 18:45:00","",""
"2020-07-13 19:00:00","",""
"2020-07-13 19:15:00","",""
"2020-07-13 19:30:00","",""
"2020-07-13 19:45:00","",""
"2020-07-13 20:00:00","",""
"2020-07-13 20:15:00","",""
"2020-07-13 20:30:00","",""
"2020-07-13 20:45:00","",""
"2020-07-13 21:00:00","",""
"2020-07-13 21:15:00","",""
"2020-07-13 21:30:00","",""
"2020-07-13 21:45:00","",""
"2020-07-13 22:00:00","",""
"2020-07-13 22:15:00","",""
"2020-07-13 22:30:00","",""
"2020-07-13 22:45:00","",""
"2020-07-13 23:00:00","",""
"2020-07-13 23:15:00","",""
"2020-07-13 23:30:00","",""
"2020-07-13 23:45:00","",""
"2020-07-14 00:00:00","",""
"2020-07-14 00:15:00","",""
"2020-07-14 00:30:00","",""
"2020-07-14 00:45:00","",""
"2020-07-14 01:00:00","",""
"2020-07-14 01:15:00","",""
"2020-07-14 01:30:00","",""
"2020-07-14 01:45:00","",""
"2020-07-14 02:00:00","",""
"2020-07-14 02:15:00","",""
"2020-07-14 02:30:00","",""
"2020-07-14 02:45:00","",""
"2020-07-14 03:00:00","",""
"2020-07-14 03:15:00","",""
"2020-07-14 03:30:00","",""
"2020-07-14 03:45:00","",""
"2020-07-14 04:00:00","",""
"2020-07-14 04:15:00","",""
"2020-07-14 04:30:00","",""
"2020-07-14 04:45:00","",""
"2020-07-14 05:00:00","",""
"2020-07-14 05:15:00","",""
"2020-07-14 05:30:00","",""
"2020-07-14 05:45:00","",""
"2020-07-14 06:00:00","",""
"2020-07-14 06:15:00","",""
"2020-07-14 06:30:00","",""
"2020-07-14 06:45:00","",""
"2020-07-14 07:00:00","",""
"2020-07-14 07:15:00","",""
"2020-07-14 07:30:00","",""
"2020-07-14 07:45:00","",""
"2020-07-14 08:00:00","",""
"2020-07-14 08:15:00","",""
"2020-07-14 08:30:00","",""
"2020-07-14 08:45:00","",""
"2020-07-14 09:00:00","",""
"2020-07-14 09:15:00","",""
"2020-07-14 09:30:00","",""
"2020-07-14 09:45:00","",""
"2020-07-14 10:00:00","",""
"2020-07-14 10:15:00","",""
"2020-07-14 10:30:00","",""
"2020-07-14 10:45:00","",""
"2020-07-14 11:00:00","",""
"2020-07-14 11:15:00","",""
"2020-07-14 11:30:00","",""
"2020-07-14 11:45:00","",""
"2020-07-14 12:00:00","",""
"2020-07-14 12:15:00","",""
"2020-07-14 12:30:00","",""
"2020-07-14 12:45:00","",""
"2020-07-14 13:00:00","",""
"2020-07-14 13:15:00","",""
"2020-07-14 13:30:00","",""
"2020-07-14 13:45:00","",""
"2020-07-14 14:00:00","",""
"2020-07-14 14:15:00","",""
"2020-07-14 14:30:00","",""
"2020-07-14 14:45:00","",""
"2020-07-14 15:00:00","",""
"2020-07-14 15:15:00","",""
"2020-07-14 15:30:00","",""
"2020-07-14 15:45:00","",""
"2020-07-14 16:00:00","",""
"2020-07-14 16:15:00","",""
"2020-07-14 16:30:00","",""
"2020-07-14 16:45:00","",""
"2020-07-14 17:00:00","",""
"2020-07-14 17:15:00","",""
"2020-07-14 17:30:00","",""
"2020-07-14 17:45:00","",""
"2020-07-14 18:00:00","",""
"2020-07-14 18:15:00","",""
"2020-07-14 18:30:00","",""
"2020-07-14 18:45:00","",""
"2020-07-14 19:00:00","",""
"2020-07-14 19:15:00","",""
"2020-07-14 19:30:00","",""
"2020-07-14 19:45:00","",""
"2020-07-14 20:00:00","",""
"2020-07-14 20:15:00","",""
"2020-07-14 20:30:00","",""
"2020-07-14 20:45:00","",""
"2020-07-14 21:00:00","",""
"2020-07-14 21:15:00","",""
"2020-07-14 21:30:00","",""
"2020-07-14 21:45:00","",""
"2020-07-14 22:00:00","",""
"2020-07-14 22:15:00","",""
"2020-07-14 22:30:00","",""
"2020-07-14 22:45:00","",""
"2020-07-14 23:00:00","",""
"2020-07-14 23:15:00","",""
"2020-07-14 23:30:00","",""
"2020-07-14 23:45:00","",""
"2020-07-15 00:00:00","",""
"2020-07-15 00:15:00","",""
"2020-07-15 00:30:00","",""
"2020-07-15 00:45:00","",""
"2020-07-15 01:00:00","",""
"2020-07-15 01:15:00","",""
"2020-07-15 01:30:00","",""
"2020-07-15 01:45:00","",""
"2020-07-15 02:00:00","",""
"2020-07-15 02:15:00","",""
"2020-07-15 02:30:00","",""
"2020-07-15 02:45:00","",""
"2020-07-15 03:00:00","",""
"2020-07-15 03:15:00","",""
"2020-07-15 03:30:00","",""
"2020-07-15 03:45:00","",""
"2020-07-15 04:00:00","",""
"2020-07-15 04:15:00","",""
"2020-07-15 04:30:00","",""
"2020-07-15 04:45:00","",""
"2020-07-15 05:00:00","",""
"2020-07-15 05:15:00","",""
"2020-07-15 05:30:00","",""
"2020-07-15 05:45:00","",""
"2020-07-15 06:00:00","",""
"2020-07-15 06:15:00","",""
"2020-07-15 06:30:00","",""
"2020-07-15 06:45:00","",""
"2020-07-15 07:00:00","",""
"2020-07-15 07:15:00","",""
"2020-07-15 07:30:00","",""
"2020-07-15 07:45:00","",""
"2020-07-15 08:00:00","",""
"2020-07-15 08:15:00","",""
"2020-07-15 08:30:00","",""
"2020-07-15 08:45:00","",""
"2020-07-15 09:00:00","",""
"2020-07-15 09:15:00","",""
"2020-07-15 09:30:00","",""
"2020-07-15 09:45:00","",""
"2020-07-15 10:00:00","",""
"2020-07-15 10:15:00","",""
"2020-07-15 10:30:00","",""
"2020-07-15 10:45:00","",""
"2020-07-15 11:00:00","",""
"2020-07-15 11:15:00","",""
"2020-07-15 11:30:00","",""
"2020-07-15 11:45:00","",""
"2020-07-15 12:00:00","",""
"2020-07-15 12:15:00","",""
"2020-07-15 12:30:00","",""
"2020-07-15 12:45:00","",""
"2020-07-15 13:00:00","",""
"2020-07-15 13:15:00","",""
"2020-07-15 13:30:00","",""
"2020-07-15 13:45:00","",""
"2020-07-15 14:00:00","",""
"2020-07-15 14:15:00","",""
"2020-07-15 14:30:00","",""
"2020-07-15 14:45:00","",""
"2020-07-15 15:00:00","",""
"2020-07-15 15:15:00","",""
"2020-07-15 15:30:00","",""
"2020-07-15 15:45:00","",""
"2020-07-15 16:00:00","",""
"2020-07-15 16:15:00","",""
"2020-07-15 16:30:00","",""
"2020-07-15 16:45:00","",""
"2020-07-15 17:00:00","",""
"2020-07-15 17:15:00","",""
"2020-07-15 17:30:00","",""
"2020-07-15 17:45:00","",""
"2020-07-15 18:00:00","",""
"2020-07-15 18:15:00","",""
"2020-07-15 18:30:00","",""
"2020-07-15 18:45:00","",""
"2020-07-15 19:00:00","",""
"2020-07-15 19:15:00","",""
"2020-07-15 19:30:00","",""
"2020-07-15 19:45:00","",""
"2020-07-15 20:00:00","",""
"2020-07-15 20:15:00","",""
"2020-07-15 20:30:00","",""
"2020-07-15 20:45:00","",""
"2020-07-15 21:00:00","",""
"2020-07-15 21:15:00","",""
"2020-07-15 21:30:00","",""
"2020-07-15 21:45:00","",""
"2020-07-15 22:00:00","",""
"2020-07-15 22:15:00","",""
"2020-07-15 22:30:00","",""
"2020-07-15 22:45:00","",""
"2020-07-15 23:00:00","",""
"2020-07-15 23:15:00","",""
"2020-07-15 23:30:00","",""
"2020-07-15 23:45:00","",""
"2020-07-16 00:00:00","",""
"2020-07-16 00:15:00","",""
"2020-07-16 00:30:00","",""
"2020-07-16 00:45:00","",""
"2020-07-16 01:00:00","",""
"2020-07-16 01:15:00","",""
"2020-07-16 01:30:00","",""
"2020-07-16 01:45:00","",""
"2020-07-16 02:00:00","",""
"2020-07-16 02:15:00","",""
"2020-07-16 02:30:00","",""
"2020-07-16 02:45:00","",""
"2020-07-16 03:00:00","",""
"2020-07-16 03:15:00","",""
"2020-07-16 03:30:00","",""
"2020-07-16 03:45:00","",""
"2020-07-16 04:00:00","",""
"2020-07-16 04:15:00","",""
"2020-07-16 04:30:00","",""
"2020-07-16 04:45:00","",""
"2020-07-16 05:00:00","",""
"2020-07-16 05:15:00","",""
"2020-07-16 05:30:00","",""
"2020-07-16 05:45:00","",""
"2020-07-16 06:00:00","",""
"2020-07-16 06:15:00","",""
"2020-07-16 06:30:00","",""
"2020-07-16 06:45:00","",""
"2020-07-16 07:00:00","",""
"2020-07-16 07:15:00","",""
"2020-07-16 07:30:00","",""
"2020-07-16 07:45:00","",""
"2020-07-16 08:00:00","",""
"2020-07-16 08:15:00","",""
"2020-07-16 08:30:00","",""
"2020-07-16 08:45:00","",""
"2020-07-16 09:00:00","",""
"2020-07-16 09:15:00","",""
"2020-07-16 09:30:00","",""
"2020-07-16 09:45:00","",""
"2020-07-16 10:00:00","",""
"2020-07-16 10:15:00","",""
"2020-07-16 10:30:00","",""
"2020-07-16 10:45:00","",""
"2020-07-16 11:00:00","",""
"2020-07-16 11:15:00","",""
"2020-07-16 11:30:00","",""
"2020-07-16 11:45:00","",""
"2020-07-16 12:00:00","",""
"2020-07-16 12:15:00","",""
"2020-07-16 12:30:00","",""
"2020-07-16 12:45:00","",""
"2020-07-16 13:00:00","",""
"2020-07-16 13:15:00","",""
"2020-07-16 13:30:00","",""
"2020-07-16 13:45:00","",""
"2020-07-16 14:00:00","",""
"2020-07-16 14:15:00","",""
"2020-07-16 14:30:00","",""
"2020-07-16 14:45:00","",""
"2020-07-16 15:00:00","",""
"2020-07-16 15:15:00","",""
"2020-07-16 15:30:00","",""
"2020-07-16 15:45:00","",""
"2020-07-16 16:00:00","",""
"2020-07-16 16:15:00","",""
"2020-07-16 16:30:00","",""
"2020-07-16 16:45:00","",""
"2020-07-16 17:00:00","",""
"2020-07-16 17:15:00","",""
"2020-07-16 17:30:00","",""
"2020-07-16 17:45:00","",""
"2020-07-16 18:00:00","",""
"2020-07-16 18:15:00","",""
"2020-07-16 18:30:00","",""
"2020-07-16 18:45:00","",""
"2020-07-16 19:00:00","",""
"2020-07-16 19:15:00","",""
"2020-07-16 19:30:00","",""
"2020-07-16 19:45:00","",""
"2020-07-16 20:00:00","",""
"2020-07-16 20:15:00","",""
"2020-07-16 20:30:00","",""
"2020-07-16 20:45:00","",""
"2020-07-16 21:00:00","",""
"2020-07-16 21:15:00","",""
"2020-07-16 21:30:00","",""
"2020-07-16 21:45:00","",""
"2020-07-16 22:00:00","",""
"2020-07-16 22:15:00","",""
"2020-07-16 22:30:00","",""
"2020-07-16 22:45:00","",""
"2020-07-16 23:00:00","",""
"2020-07-16 23:15:00","",""
"2020-07-16 23:30:00","",""
"2020-07-16 23:45:00","",""
"2020-07-17 00:00:00","",""
"2020-07-17 00:15:00","",""
"2020-07-17 00:30:00","",""
"2020-07-17 00:45:00","",""
"2020-07-17 01:00:00","",""
"2020-07-17 01:15:00","",""
"2020-07-17 01:30:00","",""
"2020-07-17 01:45:00","",""
"2020-07-17 02:00:00","",""
"2020-07-17 02:15:00","",""
"2020-07-17 02:30:00","",""
"2020-07-17 02:45:00","",""
"2020-07-17 03:00:00","",""
"2020-07-17 03:15:00","",""
"2020-07-17 03:30:00","",""
"2020-07-17 03:45:00","",""
"2020-07-17 04:00:00","",""
"2020-07-17 04:15:00","",""
"2020-07-17 04:30:00","",""
"2020-07-17 04:45:00","",""
"2020-07-17 05:00:00","",""
"2020-07-17 05:15:00","",""
"2020-07-17 05:30:00","",""
"2020-07-17 05:45:00","",""
"2020-07-17 06:00:00","",""
"2020-07-17 06:15:00","",""
"2020-07-17 06:30:00","",""
"2020-07-17 06:45:00","",""
"2020-07-17 07:00:00","",""
"2020-07-17 07:15:00","",""
"2020-07-17 07:30:00","",""
"2020-07-17 07:45:00","",""
"2020-07-17 08:00:00","",""
"2020-07-17 08:15:00","",""
"2020-07-17 08:30:00","",""
"2020-07-17 08:45:00","",""
"2020-07-17 09:00:00","",""
"2020-07-17 09:15:00","",""
"2020-07-17 09:30:00","",""
"2020-07-17 09:45:00","",""
"2020-07-17 10:00:00","",""
"2020-07-17 10:15:00","",""
"2020-07-17 10:30:00","",""
"2020-07-17 10:45:00","",""
"2020-07-17 11:00:00","",""
"2020-07-17 11:15:00","",""
"2020-07-17 11:30:00","",""
"2020-07-17 11:45:00","",""
"2020-07-17 12:00:00","",""
"2020-07-17 12:15:00","",""
"2020-07-17 12:30:00","",""
"2020-07-17 12:45:00","",""
"2020-07-17 13:00:00","",""
"2020-07-17 13:15:00","",""
"2020-07-17 13:30:00","",""
"2020-07-17 13:45:00","",""
"2020-07-17 14:00:00","",""
"2020-07-17 14:15:00","",""
"2020-07-17 14:30:00","",""
"2020-07-17 14:45:00","",""
"2020-07-17 15:00:00","",""
"2020-07-17 15:15:00","",""
"2020-07-17 15:30:00","",""
"2020-07-17 15:45:00","",""
"2020-07-17 16:00:00","",""
"2020-07-17 16:15:00","",""
"2020-07-17 16:30:00","",""
"2020-07-17 16:45:00","",""
"2020-07-17 17:00:00","",""
"2020-07-17 17:15:00","",""
"2020-07-17 17:30:00","",""
"2020-07-17 17:45:00","",""
"2020-07-17 18:00:00","",""
"2020-07-17 18:15:00","",""
"2020-07-17 18:30:00","",""
"2020-07-17 18:45:00","",""
"2020-07-17 19:00:00","",""
"2020-07-17 19:15:00","",""
"2020-07-17 19:30:00","",""
"2020-07-17 19:45:00","",""
"2020-07-17 20:00:00","",""
"2020-07-17 20:15:00","",""
"2020-07-17 20:30:00","",""
"2020-07-17 20:45:00","",""
"2020-07-17 21:00:00","",""
"2020-07-17 21:15:00","",""
"2020-07-17 21:30:00","",""
"2020-07-17 21:45:00","",""
"2020-07-17 22:00:00","",""
"2020-07-17 22:15:00","",""
"2020-07-17 22:30:00","",""
"2020-07-17 22:45:00","",""
"2020-07-17 23:00:00","",""
"2020-07-17 23:15:00","",""
"2020-07-17 23:30:00","",""
"2020-07-17 23:45:00","",""
"2020-07-18 00:00:00","",""
"2020-07-18 00:15:00","",""
"2020-07-18 00:30:00","",""
"2020-07-18 00:45:00","",""
"2020-07-18 01:00:00","",""
"2020-07-18 01:15:00","",""
"2020-07-18 01:30:00","",""
"2020-07-18 01:45:00","",""
"2020-07-18 02:00:00","",""
"2020-07-18 02:15:00","",""
"2020-07-18 02:30:00","",""
"2020-07-18 02:45:00","",""
"2020-07-18 03:00:00","",""
"2020-07-18 03:15:00","",""
"2020-07-18 03:30:00","",""
"2020-07-18 03:45:00","",""
"2020-07-18 04:00:00","",""
"2020-07-18 04:15:00","",""
"2020-07-18 04:30:00","",""
"2020-07-18 04:45:00","",""
"2020-07-18 05:00:00","",""
"2020-07-18 05:15:00","",""
"2020-07-18 05:30:00","",""
"2020-07-18 05:45:00","",""
"2020-07-18 06:00:00","",""
"2020-07-18 06:15:00","",""
"2020-07-18 06:30:00","",""
"2020-07-18 06:45:00","",""
"2020-07-18 07:00:00","",""
"2020-07-18 07:15:00","",""
"2020-07-18 07:30:00","",""
"2020-07-18 07:45:00","",""
"2020-07-18 08:00:00","",""
"2020-07-18 08:15:00","",""
"2020-07-18 08:30:00","",""
"2020-07-18 08:45:00","",""
"2020-07-18 09:00:00","",""
"2020-07-18 09:15:00","",""
"2020-07-18 09:30:00","",""
"2020-07-18 09:45:00","",""
"2020-07-18 10:00:00","",""
"2020-07-18 10:15:00","",""
"2020-07-18 10:30:00","",""
"2020-07-18 10:45:00","",""
"2020-07-18 11:00:00","",""
"2020-07-18 11:15:00","",""
"2020-07-18 11:30:00","",""
"2020-07-18 11:45:00","",""
"2020-07-18 12:00:00","",""
"2020-07-18 12:15:00","",""
"2020-07-18 12:30:00","",""
"2020-07-18 12:45:00","",""
"2020-07-18 13:00:00","",""
"2020-07-18 13:15:00","",""
"2020-07-18 13:30:00","",""
"2020-07-18 13:45:00","",""
"2020-07-18 14:00:00","",""
"2020-07-18 14:15:00","",""
"2020-07-18 14:30:00","",""
"2020-07-18 14:45:00","",""
"2020-07-18 15:00:00","",""
"2020-07-18 15:15:00","",""
"2020-07-18 15:30:00","",""
"2020-07-18 15:45:00","",""
"2020-07-18 16:00:00","",""
"2020-07-18 16:15:00","",""
"2020-07-18 16:30:00","",""
"2020-07-18 16:45:00","",""
"2020-07-18 17:00:00","",""
"2020-07-18 17:15:00","",""
"2020-07-18 17:30:00","",""
"2020-07-18 17:45:00","",""
"2020-07-18 18:00:00","",""
"2020-07-18 18:15:00","",""
"2020-07-18 18:30:00","",""
"2020-07-18 18:45:00","",""
"2020-07-18 19:00:00","",""
"2020-07-18 19:15:00","",""
"2020-07-18 19:30:00","",""
"2020-07-18 19:45:00","",""
"2020-07-18 20:00:00","",""
"2020-07-18 20:15:00","",""
"2020-07-18 20:30:00","",""
"2020-07-18 20:45:00","",""
"2020-07-18 21:00:00","",""
"2020-07-18 21:15:00","",""
"2020-07-18 21:30:00","",""
"2020-07-18 21:45:00","",""
"2020-07-18 22:00:00","",""
"2020-07-18 22:15:00","",""
"2020-07-18 22:30:00","",""
"2020-07-18 22:45:00","",""
"2020-07-18 23:00:00","",""
"2020-07-18 23:15:00","",""
"2020-07-18 23:30:00","",""
"2020-07-18 23:45:00","",""
"2020-07-19 00:00:00","",""
"2020-07-19 00:15:00","",""
"2020-07-19 00:30:00","",""
"2020-07-19 00:45:00","",""
"2020-07-19 01:00:00","",""
"2020-07-19 01:15:00","",""
"2020-07-19 01:30:00","",""
"2020-07-19 01:45:00","",""
"2020-07-19 02:00:00","",""
"2020-07-19 02:15:00","",""
"2020-07-19 02:30:00","",""
"2020-07-19 02:45:00","",""
"2020-07-19 03:00:00","",""
"2020-07-19 03:15:00","",""
"2020-07-19 03:30:00","",""
"2020-07-19 03:45:00","",""
"2020-07-19 04:00:00","",""
"2020-07-19 04:15:00","",""
"2020-07-19 04:30:00","",""
"2020-07-19 04:45:00","",""
"2020-07-19 05:00:00","",""
"2020-07-19 05:15:00","",""
"2020-07-19 05:30:00","",""
"2020-07-19 05:45:00","",""
"2020-07-19 06:00:00","",""
"2020-07-19 06:15:00","",""
"2020-07-19 06:30:00","",""
"2020-07-19 06:45:00","",""
"2020-07-19 07:00:00","",""
"2020-07-19 07:15:00","",""
"2020-07-19 07:30:00","",""
"2020-07-19 07:45:00","",""
"2020-07-19 08:00:00","",""
"2020-07-19 08:15:00","",""
"2020-07-19 08:30:00","",""
"2020-07-19 08:45:00","",""
"2020-07-19 09:00:00","",""
"2020-07-19 09:15:00","",""
"2020-07-19 09:30:00","",""
"2020-07-19 09:45:00","",""
"2020-07-19 10:00:00","",""
"2020-07-19 10:15:00","",""
"2020-07-19 10:30:00","",""
"2020-07-19 10:45:00","",""
"2020-07-19 11:00:00","",""
"2020-07-19 11:15:00","",""
"2020-07-19 11:30:00","",""
"2020-07-19 11:45:00","",""
"2020-07-19 12:00:00","",""
"2020-07-19 12:15:00","",""
"2020-07-19 12:30:00","",""
"2020-07-19 12:45:00","",""
"2020-07-19 13:00:00","",""
"2020-07-19 13:15:00","",""
"2020-07-19 13:30:00","",""
"2020-07-19 13:45:00","",""
"2020-07-19 14:00:00","",""
"2020-07-19 14:15:00","",""
"2020-07-19 14:30:00","",""
"2020-07-19 14:45:00","",""
"2020-07-19 15:00:00","",""
"2020-07-19 15:15:00","",""
"2020-07-19 15:30:00","",""
"2020-07-19 15:45:00","",""
"2020-07-19 16:00:00","",""
"2020-07-19 16:15:00","",""
"2020-07-19 16:30:00","",""
"2020-07-19 16:45:00","",""
"2020-07-19 17:00:00","",""
"2020-07-19 17:15:00","",""
"2020-07-19 17:30:00","",""
"2020-07-19 17:45:00","",""
"2020-07-19 18:00:00","",""
"2020-07-19 18:15:00","",""
"2020-07-19 18:30:00","",""
"2020-07-19 18:45:00","",""
"2020-07-19 19:00:00","",""
"2020-07-19 19:15:00","",""
"2020-07-19 19:30:00","",""
"2020-07-19 19:45:00","",""
"2020-07-19 20:00:00","",""
"2020-07-19 20:15:00","",""
"2020-07-19 20:30:00","",""
"2020-07-19 20:45:00","",""
"2020-07-19 21:00:00","",""
"2020-07-19 21:15:00","",""
"2020-07-19 21:30:00","",""
"2020-07-19 21:45:00","",""
"2020-07-19 22:00:00","",""
"2020-07-19 22:15:00","",""
"2020-07-19 22:30:00","",""
"2020-07-19 22:45:00","",""
"2020-07-19 23:00:00","",""
"2020-07-19 23:15:00","",""
"2020-07-19 23:30:00","",""
"2020-07-19 23:45:00","",""
"2020-07-20 00:00:00","",""
"2020-07-20 00:15:00","",""
"2020-07-20 00:30:00","",""
"2020-07-20 00:45:00","",""
"2020-07-20 01:00:00","",""
"2020-07-20 01:15:00","",""
"2020-07-20 01:30:00","",""
"2020-07-20 01:45:00","",""
"2020-07-20 02:00:00","",""
"2020-07-20 02:15:00","",""
"2020-07-20 02:30:00","",""
"2020-07-20 02:45:00","",""
"2020-07-20 03:00:00","",""
"2020-07-20 03:15:00","",""
"2020-07-20 03:30:00","",""
"2020-07-20 03:45:00","",""
"2020-07-20 04:00:00","",""
"2020-07-20 04:15:00","",""
"2020-07-20 04:30:00","",""
"2020-07-20 04:45:00","",""
"2020-07-20 05:00:00","",""
"2020-07-20 05:15:00","",""
"2020-07-20 05:30:00","",""
"2020-07-20 05:45:00","",""
"2020-07-20 06:00:00","",""
"2020-07-20 06:15:00","",""
"2020-07-20 06:30:00","",""
"2020-07-20 06:45:00","",""
"2020-07-20 07:00:00","",""
"2020-07-20 07:15:00","",""
"2020-07-20 07:30:00","",""
"2020-07-20 07:45:00","",""
"2020-07-20 08:00:00","",""
"2020-07-20 08:15:00","",""
"2020-07-20 08:30:00","",""
"2020-07-20 08:45:00","",""
"2020-07-20 09:00:00","",""
"2020-07-20 09:15:00","",""
"2020-07-20 09:30:00","",""
"2020-07-20 09:45:00","",""
"2020-07-20 10:00:00","",""
"2020-07-20 10:15:00","",""
"2020-07-20 10:30:00","",""
"2020-07-20 10:45:00","",""
"2020-07-20 11:00:00","",""
"2020-07-20 11:15:00","",""
"2020-07-20 11:30:00","",""
"2020-07-20 11:45:00","",""
"2020-07-20 12:00:00","",""
"2020-07-20 12:15:00","",""
"2020-07-20 12:30:00","",""
"2020-07-20 12:45:00","",""
"2020-07-20 13:00:00","",""
"2020-07-20 13:15:00","",""
"2020-07-20 13:30:00","",""
"2020-07-20 13:45:00","",""
"2020-07-20 14:00:00","",""
"2020-07-20 14:15:00","",""
"2020-07-20 14:30:00","",""
"2020-07-20 14:45:00","",""
"2020-07-20 15:00:00","",""
"2020-07-20 15:15:00","",""
"2020-07-20 15:30:00","",""
"2020-07-20 15:45:00","",""
"2020-07-20 16:00:00","",""
"2020-07-20 16:15:00","",""
"2020-07-20 16:30:00","",""
"2020-07-20 16:45:00","",""
"2020-07-20 17:00:00","",""
"2020-07-20 17:15:00","",""
"2020-07-20 17:30:00","",""
"2020-07-20 17:45:00","",""
"2020-07-20 18:00:00","",""
"2020-07-20 18:15:00","",""
"2020-07-20 18:30:00","",""
"2020-07-20 18:45:00","",""
"2020-07-20 19:00:00","",""
"2020-07-20 19:15:00","",""
"2020-07-20 19:30:00","",""
"2020-07-20 19:45:00","",""
"2020-07-20 20:00:00","",""
"2020-07-20 20:15:00","",""
"2020-07-20 20:30:00","",""
"2020-07-20 20:45:00","",""
"2020-07-20 21:00:00","",""
"2020-07-20 21:15:00","",""
"2020-07-20 21:30:00","",""
"2020-07-20 21:45:00","",""
"2020-07-20 22:00:00","",""
"2020-07-20 22:15:00","",""
"2020-07-20 22:30:00","",""
"2020-07-20 22:45:00","",""
"2020-07-20 23:00:00","",""
"2020-07-20 23:15:00","",""
"2020-07-20 23:30:00","",""
"2020-07-20 23:45:00","",""
"2020-07-21 00:00:00","",""
"2020-07-21 00:15:00","",""
"2020-07-21 00:30:00","",""
"2020-07-21 00:45:00","",""
"2020-07-21 01:00:00","",""
"2020-07-21 01:15:00","",""
"2020-07-21 01:30:00","",""
"2020-07-21 01:45:00","",""
"2020-07-21 02:00:00","",""
"2020-07-21 02:15:00","",""
"2020-07-21 02:30:00","",""
"2020-07-21 02:45:00","",""
"2020-07-21 03:00:00","",""
"2020-07-21 03:15:00","",""
"2020-07-21 03:30:00","",""
"2020-07-21 03:45:00","",""
"2020-07-21 04:00:00","",""
"2020-07-21 04:15:00","",""
"2020-07-21 04:30:00","",""
"2020-07-21 04:45:00","",""
"2020-07-21 05:00:00","",""
"2020-07-21 05:15:00","",""
"2020-07-21 05:30:00","",""
"2020-07-21 05:45:00","",""
"2020-07-21 06:00:00","",""
"2020-07-21 06:15:00","",""
"2020-07-21 06:30:00","",""
"2020-07-21 06:45:00","",""
"2020-07-21 07:00:00","",""
"2020-07-21 07:15:00","",""
"2020-07-21 07:30:00","",""
"2020-07-21 07:45:00","",""
"2020-07-21 08:00:00","",""
"2020-07-21 08:15:00","",""
"2020-07-21 08:30:00","",""
"2020-07-21 08:45:00","",""
"2020-07-21 09:00:00","",""
"2020-07-21 09:15:00","",""
"2020-07-21 09:30:00","",""
"2020-07-21 09:45:00","",""
"2020-07-21 10:00:00","",""
"2020-07-21 10:15:00","",""
"2020-07-21 10:30:00","",""
"2020-07-21 10:45:00","",""
"2020-07-21 11:00:00","",""
"2020-07-21 11:15:00","",""
"2020-07-21 11:30:00","",""
"2020-07-21 11:45:00","",""
"2020-07-21 12:00:00","",""
"2020-07-21 12:15:00","",""
"2020-07-21 12:30:00","",""
"2020-07-21 12:45:00","",""
"2020-07-21 13:00:00","",""
"2020-07-21 13:15:00","",""
"2020-07-21 13:30:00","",""
"2020-07-21 13:45:00","",""
"2020-07-21 14:00:00","",""
"2020-07-21 14:15:00","",""
"2020-07-21 14:30:00","",""
"2020-07-21 14:45:00","",""
"2020-07-21 15:00:00","",""
"2020-07-21 15:15:00","",""
"2020-07-21 15:30:00","",""
"2020-07-21 15:45:00","",""
"2020-07-21 16:00:00","",""
"2020-07-21 16:15:00","",""
"2020-07-21 16:30:00","",""
"2020-07-21 16:45:00","",""
"2020-07-21 17:00:00","",""
"2020-07-21 17:15:00","",""
"2020-07-21 17:30:00","",""
"2020-07-21 17:45:00","",""
"2020-07-21 18:00:00","",""
"2020-07-21 18:15:00","",""
"2020-07-21 18:30:00","",""
"2020-07-21 18:45:00","",""
"2020-07-21 19:00:00","",""
"2020-07-21 19:15:00","",""
"2020-07-21 19:30:00","",""
"2020-07-21 19:45:00","",""
"2020-07-21 20:00:00","",""
"2020-07-21 20:15:00","",""
"2020-07-21 20:30:00","",""
"2020-07-21 20:45:00","",""
"2020-07-21 21:00:00","",""
"2020-07-21 21:15:00","",""
"2020-07-21 21:30:00","",""
"2020-07-21 21:45:00","",""
"2020-07-21 22:00:00","",""
"2020-07-21 22:15:00","",""
"2020-07-21 22:30:00","",""
"2020-07-21 22:45:00","",""
"2020-07-21 23:00:00","",""
"2020-07-21 23:15:00","",""
"2020-07-21 23:30:00","",""
"2020-07-21 23:45:00","",""
"2020-07-22 00:00:00","",""
"2020-07-22 00:15:00","",""
"2020-07-22 00:30:00","",""
"2020-07-22 00:45:00","",""
"2020-07-22 01:00:00","",""
"2020-07-22 01:15:00","",""
"2020-07-22 01:30:00","",""
"2020-07-22 01:45:00","",""
"2020-07-22 02:00:00","",""
"2020-07-22 02:15:00","",""
"2020-07-22 02:30:00","",""
"2020-07-22 02:45:00","",""
"2020-07-22 03:00:00","",""
"2020-07-22 03:15:00","",""
"2020-07-22 03:30:00","",""
"2020-07-22 03:45:00","",""
"2020-07-22 04:00:00","",""
"2020-07-22 04:15:00","",""
"2020-07-22 04:30:00","",""
"2020-07-22 04:45:00","",""
"2020-07-22 05:00:00","",""
"2020-07-22 05:15:00","",""
"2020-07-22 05:30:00","",""
"2020-07-22 05:45:00","",""
"2020-07-22 06:00:00","",""
"2020-07-22 06:15:00","",""
"2020-07-22 06:30:00","",""
"2020-07-22 06:45:00","",""
"2020-07-22 07:00:00","",""
"2020-07-22 07:15:00","",""
"2020-07-22 07:30:00","",""
"2020-07-22 07:45:00","",""
"2020-07-22 08:00:00","",""
"2020-07-22 08:15:00","",""
"2020-07-22 08:30:00","",""
"2020-07-22 08:45:00","",""
"2020-07-22 09:00:00","",""
"2020-07-22 09:15:00","",""
"2020-07-22 09:30:00","",""
"2020-07-22 09:45:00","",""
"2020-07-22 10:00:00","",""
"2020-07-22 10:15:00","",""
"2020-07-22 10:30:00","",""
"2020-07-22 10:45:00","",""
"2020-07-22 11:00:00","",""
"2020-07-22 11:15:00","",""
"2020-07-22 11:30:00","",""
"2020-07-22 11:45:00","",""
"2020-07-22 12:00:00","",""
"2020-07-22 12:15:00","",""
"2020-07-22 12:30:00","",""
"2020-07-22 12:45:00","",""
"2020-07-22 13:00:00","",""
"2020-07-22 13:15:00","",""
"2020-07-22 13:30:00","",""
"2020-07-22 13:45:00","",""
"2020-07-22 14:00:00","",""
"2020-07-22 14:15:00","",""
"2020-07-22 14:30:00","",""
"2020-07-22 14:45:00","",""
"2020-07-22 15:00:00","",""
"2020-07-22 15:15:00","",""
"2020-07-22 15:30:00","",""
"2020-07-22 15:45:00","",""
"2020-07-22 16:00:00","",""
"2020-07-22 16:15:00","",""
"2020-07-22 16:30:00","",""
"2020-07-22 16:45:00","",""
"2020-07-22 17:00:00","",""
"2020-07-22 17:15:00","",""
"2020-07-22 17:30:00","",""
"2020-07-22 17:45:00","",""
"2020-07-22 18:00:00","",""
"2020-07-22 18:15:00","",""
"2020-07-22 18:30:00","",""
"2020-07-22 18:45:00","",""
"2020-07-22 19:00:00","",""
"2020-07-22 19:15:00","",""
"2020-07-22 19:30:00","",""
"2020-07-22 19:45:00","",""
"2020-07-22 20:00:00","",""
"2020-07-22 20:15:00","",""
"2020-07-22 20:30:00","",""
"2020-07-22 20:45:00","",""
"2020-07-22 21:00:00","",""
"2020-07-22 21:15:00","",""
"2020-07-22 21:30:00","",""
"2020-07-22 21:45:00","",""
"2020-07-22 22:00:00","",""
"2020-07-22 22:15:00","",""
"2020-07-22 22:30:00","",""
"2020-07-22 22:45:00","",""
"2020-07-22 23:00:00","",""
"2020-07-22 23:15:00","",""
"2020-07-22 23:30:00","",""
"2020-07-22 23:45:00","",""
"2020-07-23 00:00:00","",""
"2020-07-23 00:15:00","",""
"2020-07-23 00:30:00","",""
"2020-07-23 00:45:00","",""
"2020-07-23 01:00:00","",""
"2020-07-23 01:15:00","",""
"2020-07-23 01:30:00","",""
"2020-07-23 01:45:00","",""
"2020-07-23 02:00:00","",""
"2020-07-23 02:15:00","",""
"2020-07-23 02:30:00","",""
"2020-07-23 02:45:00","",""
"2020-07-23 03:00:00","",""
"2020-07-23 03:15:00","",""
"2020-07-23 03:30:00","",""
"2020-07-23 03:45:00","",""
"2020-07-23 04:00:00","",""
"2020-07-23 04:15:00","",""
"2020-07-23 04:30:00","",""
"2020-07-23 04:45:00","",""
"2020-07-23 05:00:00","",""
"2020-07-23 05:15:00","",""
"2020-07-23 05:30:00","",""
"2020-07-23 05:45:00","",""
"2020-07-23 06:00:00","",""
"2020-07-23 06:15:00","",""
"2020-07-23 06:30:00","",""
"2020-07-23 06:45:00","",""
"2020-07-23 07:00:00","",""
"2020-07-23 07:15:00","",""
"2020-07-23 07:30:00","",""
"2020-07-23 07:45:00","",""
"2020-07-23 08:00:00","",""
"2020-07-23 08:15:00","",""
"2020-07-23 08:30:00","",""
"2020-07-23 08:45:00","",""
"2020-07-23 09:00:00","",""
"2020-07-23 09:15:00","",""
"2020-07-23 09:30:00","",""
"2020-07-23 09:45:00","",""
"2020-07-23 10:00:00","",""
"2020-07-23 10:15:00","",""
"2020-07-23 10:30:00","",""
"2020-07-23 10:45:00","",""
"2020-07-23 11:00:00","",""
"2020-07-23 11:15:00","",""
"2020-07-23 11:30:00","",""
"2020-07-23 11:45:00","",""
"2020-07-23 12:00:00","",""
"2020-07-23 12:15:00","",""
"2020-07-23 12:30:00","",""
"2020-07-23 12:45:00","",""
"2020-07-23 13:00:00","",""
"2020-07-23 13:15:00","",""
"2020-07-23 13:30:00","",""
"2020-07-23 13:45:00","",""
"2020-07-23 14:00:00","",""
"2020-07-23 14:15:00","",""
"2020-07-23 14:30:00","",""
"2020-07-23 14:45:00","",""
"2020-07-23 15:00:00","",""
"2020-07-23 15:15:00","",""
"2020-07-23 15:30:00","",""
"2020-07-23 15:45:00","",""
"2020-07-23 16:00:00","",""
"2020-07-23 16:15:00","",""
"2020-07-23 16:30:00","",""
"2020-07-23 16:45:00","",""
"2020-07-23 17:00:00","",""
"2020-07-23 17:15:00","",""
"2020-07-23 17:30:00","",""
"2020-07-23 17:45:00","",""
"2020-07-23 18:00:00","",""
"2020-07-23 18:15:00","",""
"2020-07-23 18:30:00","",""
"2020-07-23 18:45:00","",""
"2020-07-23 19:00:00","",""
"2020-07-23 19:15:00","",""
"2020-07-23 19:30:00","",""
"2020-07-23 19:45:00","",""
"2020-07-23 20:00:00","",""
"2020-07-23 20:15:00","",""
"2020-07-23 20:30:00","",""
"2020-07-23 20:45:00","",""
"2020-07-23 21:00:00","",""
"2020-07-23 21:15:00","",""
"2020-07-23 21:30:00","",""
"2020-07-23 21:45:00","",""
"2020-07-23 22:00:00","",""
"2020-07-23 22:15:00","",""
"2020-07-23 22:30:00","",""
"2020-07-23 22:45:00","",""
"2020-07-23 23:00:00","",""
"2020-07-23 23:15:00","",""
"2020-07-23 23:30:00","",""
"2020-07-23 23:45:00","",""
"2020-07-24 00:00:00","",""
"2020-07-24 00:15:00","",""
"2020-07-24 00:30:00","",""
"2020-07-24 00:45:00","",""
"2020-07-24 01:00:00","",""
"2020-07-24 01:15:00","",""
"2020-07-24 01:30:00","",""
"2020-07-24 01:45:00","",""
"2020-07-24 02:00:00","",""
"2020-07-24 02:15:00","",""
"2020-07-24 02:30:00","",""
"2020-07-24 02:45:00","",""
"2020-07-24 03:00:00","",""
"2020-07-24 03:15:00","",""
"2020-07-24 03:30:00","",""
"2020-07-24 03:45:00","",""
"2020-07-24 04:00:00","",""
"2020-07-24 04:15:00","",""
"2020-07-24 04:30:00","",""
"2020-07-24 04:45:00","",""
"2020-07-24 05:00:00","",""
"2020-07-24 05:15:00","",""
"2020-07-24 05:30:00","",""
"2020-07-24 05:45:00","",""
"2020-07-24 06:00:00","",""
"2020-07-24 06:15:00","",""
"2020-07-24 06:30:00","",""
"2020-07-24 06:45:00","",""
"2020-07-24 07:00:00","",""
"2020-07-24 07:15:00","",""
"2020-07-24 07:30:00","",""
"2020-07-24 07:45:00","",""
"2020-07-24 08:00:00","",""
"2020-07-24 08:15:00","",""
"2020-07-24 08:30:00","",""
"2020-07-24 08:45:00","",""
"2020-07-24 09:00:00","",""
"2020-07-24 09:15:00","",""
"2020-07-24 09:30:00","",""
"2020-07-24 09:45:00","",""
"2020-07-24 10:00:00","",""
"2020-07-24 10:15:00","",""
"2020-07-24 10:30:00","",""
"2020-07-24 10:45:00","",""
"2020-07-24 11:00:00","",""
"2020-07-24 11:15:00","",""
"2020-07-24 11:30:00","",""
"2020-07-24 11:45:00","",""
"2020-07-24 12:00:00","",""
"2020-07-24 12:15:00","",""
"2020-07-24 12:30:00","",""
"2020-07-24 12:45:00","",""
"2020-07-24 13:00:00","",""
"2020-07-24 13:15:00","",""
"2020-07-24 13:30:00","",""
"2020-07-24 13:45:00","",""
"2020-07-24 14:00:00","",""
"2020-07-24 14:15:00","",""
"2020-07-24 14:30:00","",""
"2020-07-24 14:45:00","",""
"2020-07-24 15:00:00","",""
"2020-07-24 15:15:00","",""
"2020-07-24 15:30:00","",""
"2020-07-24 15:45:00","",""
"2020-07-24 16:00:00","",""
"2020-07-24 16:15:00","",""
"2020-07-24 16:30:00","",""
"2020-07-24 16:45:00","",""
"2020-07-24 17:00:00","",""
"2020-07-24 17:15:00","",""
"2020-07-24 17:30:00","",""
"2020-07-24 17:45:00","",""
"2020-07-24 18:00:00","",""
"2020-07-24 18:15:00","",""
"2020-07-24 18:30:00","",""
"2020-07-24 18:45:00","",""
"2020-07-24 19:00:00","",""
"2020-07-24 19:15:00","",""
"2020-07-24 19:30:00","",""
"2020-07-24 19:45:00","",""
"2020-07-24 20:00:00","",""
"2020-07-24 20:15:00","",""
"2020-07-24 20:30:00","",""
"2020-07-24 20:45:00","",""
"2020-07-24 21:00:00","",""
"2020-07-24 21:15:00","",""
"2020-07-24 21:30:00","",""
"2020-07-24 21:45:00","",""
"2020-07-24 22:00:00","",""
"2020-07-24 22:15:00","",""
"2020-07-24 22:30:00","",""
"2020-07-24 22:45:00","",""
"2020-07-24 23:00:00","",""
"2020-07-24 23:15:00","",""
"2020-07-24 23:30:00","",""
"2020-07-24 23:45:00","",""
"2020-07-25 00:00:00","",""
"2020-07-25 00:15:00","",""
"2020-07-25 00:30:00","",""
"2020-07-25 00:45:00","",""
"2020-07-25 01:00:00","",""
"2020-07-25 01:15:00","",""
"2020-07-25 01:30:00","",""
"2020-07-25 01:45:00","",""
"2020-07-25 02:00:00","",""
"2020-07-25 02:15:00","",""
"2020-07-25 02:30:00","",""
"2020-07-25 02:45:00","",""
"2020-07-25 03:00:00","",""
"2020-07-25 03:15:00","",""
"2020-07-25 03:30:00","",""
"2020-07-25 03:45:00","",""
"2020-07-25 04:00:00","",""
"2020-07-25 04:15:00","",""
"2020-07-25 04:30:00","",""
"2020-07-25 04:45:00","",""
"2020-07-25 05:00:00","",""
"2020-07-25 05:15:00","",""
"2020-07-25 05:30:00","",""
"2020-07-25 05:45:00","",""
"2020-07-25 06:00:00","",""
"2020-07-25 06:15:00","",""
"2020-07-25 06:30:00","",""
"2020-07-25 06:45:00","",""
"2020-07-25 07:00:00","",""
"2020-07-25 07:15:00","",""
"2020-07-25 07:30:00","",""
"2020-07-25 07:45:00","",""
"2020-07-25 08:00:00","",""
"2020-07-25 08:15:00","",""
"2020-07-25 08:30:00","",""
"2020-07-25 08:45:00","",""
"2020-07-25 09:00:00","",""
"2020-07-25 09:15:00","",""
"2020-07-25 09:30:00","",""
"2020-07-25 09:45:00","",""
"2020-07-25 10:00:00","",""
"2020-07-25 10:15:00","",""
"2020-07-25 10:30:00","",""
"2020-07-25 10:45:00","",""
"2020-07-25 11:00:00","",""
"2020-07-25 11:15:00","",""
"2020-07-25 11:30:00","",""
"2020-07-25 11:45:00","",""
"2020-07-25 12:00:00","",""
"2020-07-25 12:15:00","",""
"2020-07-25 12:30:00","",""
"2020-07-25 12:45:00","",""
"2020-07-25 13:00:00","",""
"2020-07-25 13:15:00","",""
"2020-07-25 13:30:00","",""
"2020-07-25 13:45:00","",""
"2020-07-25 14:00:00","",""
"2020-07-25 14:15:00","",""
"2020-07-25 14:30:00","",""
"2020-07-25 14:45:00","",""
"2020-07-25 15:00:00","",""
"2020-07-25 15:15:00","",""
"2020-07-25 15:30:00","",""
"2020-07-25 15:45:00","",""
"2020-07-25 16:00:00","",""
"2020-07-25 16:15:00","",""
"2020-07-25 16:30:00","",""
"2020-07-25 16:45:00","",""
"2020-07-25 17:00:00","",""
"2020-07-25 17:15:00","",""
"2020-07-25 17:30:00","",""
"2020-07-25 17:45:00","",""
"2020-07-25 18:00:00","",""
"2020-07-25 18:15:00","",""
"2020-07-25 18:30:00","",""
"2020-07-25 18:45:00","",""
"2020-07-25 19:00:00","",""
"2020-07-25 19:15:00","",""
"2020-07-25 19:30:00","",""
"2020-07-25 19:45:00","",""
"2020-07-25 20:00:00","",""
"2020-07-25 20:15:00","",""
"2020-07-25 20:30:00","",""
"2020-07-25 20:45:00","",""
"2020-07-25 21:00:00","",""
"2020-07-25 21:15:00","",""
"2020-07-25 21:30:00","",""
"2020-07-25 21:45:00","",""
"2020-07-25 22:00:00","",""
"2020-07-25 22:15:00","",""
"2020-07-25 22:30:00","",""
"2020-07-25 22:45:00","",""
"2020-07-25 23:00:00","",""
"2020-07-25 23:15:00","",""
"2020-07-25 23:30:00","",""
"2020-07-25 23:45:00","",""
"2020-07-26 00:00:00","",""
"2020-07-26 00:15:00","",""
"2020-07-26 00:30:00","",""
"2020-07-26 00:45:00","",""
"2020-07-26 01:00:00","",""
"2020-07-26 01:15:00","",""
"2020-07-26 01:30:00","",""
"2020-07-26 01:45:00","",""
"2020-07-26 02:00:00","",""
"2020-07-26 02:15:00","",""
"2020-07-26 02:30:00","",""
"2020-07-26 02:45:00","",""
"2020-07-26 03:00:00","",""
"2020-07-26 03:15:00","",""
"2020-07-26 03:30:00","",""
"2020-07-26 03:45:00","",""
"2020-07-26 04:00:00","",""
"2020-07-26 04:15:00","",""
"2020-07-26 04:30:00","",""
"2020-07-26 04:45:00","",""
"2020-07-26 05:00:00","",""
"2020-07-26 05:15:00","",""
"2020-07-26 05:30:00","",""
"2020-07-26 05:45:00","",""
"2020-07-26 06:00:00","",""
"2020-07-26 06:15:00","",""
"2020-07-26 06:30:00","",""
"2020-07-26 06:45:00","",""
"2020-07-26 07:00:00","",""
"2020-07-26 07:15:00","",""
"2020-07-26 07:30:00","",""
"2020-07-26 07:45:00","",""
"2020-07-26 08:00:00","",""
"2020-07-26 08:15:00","",""
"2020-07-26 08:30:00","",""
"2020-07-26 08:45:00","",""
"2020-07-26 09:00:00","",""
"2020-07-26 09:15:00","",""
"2020-07-26 09:30:00","",""
"2020-07-26 09:45:00","",""
"2020-07-26 10:00:00","",""
"2020-07-26 10:15:00","",""
"2020-07-26 10:30:00","",""
"2020-07-26 10:45:00","",""
"2020-07-26 11:00:00","",""
"2020-07-26 11:15:00","",""
"2020-07-26 11:30:00","",""
"2020-07-26 11:45:00","",""
"2020-07-26 12:00:00","",""
"2020-07-26 12:15:00","",""
"2020-07-26 12:30:00","",""
"2020-07-26 12:45:00","",""
"2020-07-26 13:00:00","",""
"2020-07-26 13:15:00","",""
"2020-07-26 13:30:00","",""
"2020-07-26 13:45:00","",""
"2020-07-26 14:00:00","",""
"2020-07-26 14:15:00","",""
"2020-07-26 14:30:00","",""
"2020-07-26 14:45:00","",""
"2020-07-26 15:00:00","",""
"2020-07-26 15:15:00","",""
"2020-07-26 15:30:00","",""
"2020-07-26 15:45:00","",""
"2020-07-26 16:00:00","",""
"2020-07-26 16:15:00","",""
"2020-07-26 16:30:00","",""
"2020-07-26 16:45:00","",""
"2020-07-26 17:00:00","",""
"2020-07-26 17:15:00","",""
"2020-07-26 17:30:00","",""
"2020-07-26 17:45:00","",""
"2020-07-26 18:00:00","",""
"2020-07-26 18:15:00","",""
"2020-07-26 18:30:00","",""
"2020-07-26 18:45:00","",""
"2020-07-26 19:00:00","",""
"2020-07-26 19:15:00","",""
"2020-07-26 19:30:00","",""
"2020-07-26 19:45:00","",""
"2020-07-26 20:00:00","",""
"2020-07-26 20:15:00","",""
"2020-07-26 20:30:00","",""
"2020-07-26 20:45:00","",""
"2020-07-26 21:00:00","",""
"2020-07-26 21:15:00","",""
"2020-07-26 21:30:00","",""
"2020-07-26 21:45:00","",""
"2020-07-26 22:00:00","",""
"2020-07-26 22:15:00","",""
"2020-07-26 22:30:00","",""
"2020-07-26 22:45:00","",""
"2020-07-26 23:00:00","",""
"2020-07-26 23:15:00","",""
"2020-07-26 23:30:00","",""
"2020-07-26 23:45:00","",""
"2020-07-27 00:00:00","",""
"2020-07-27 00:15:00","",""
"2020-07-27 00:30:00","",""
"2020-07-27 00:45:00","",""
"2020-07-27 01:00:00","",""
"2020-07-27 01:15:00","",""
"2020-07-27 01:30:00","",""
"2020-07-27 01:45:00","",""
"2020-07-27 02:00:00","",""
"2020-07-27 02:15:00","",""
"2020-07-27 02:30:00","",""
"2020-07-27 02:45:00","",""
"2020-07-27 03:00:00","",""
"2020-07-27 03:15:00","",""
"2020-07-27 03:30:00","",""
"2020-07-27 03:45:00","",""
"2020-07-27 04:00:00","",""
"2020-07-27 04:15:00","",""
"2020-07-27 04:30:00","",""
"2020-07-27 04:45:00","",""
"2020-07-27 05:00:00","",""
"2020-07-27 05:15:00","",""
"2020-07-27 05:30:00","",""
"2020-07-27 05:45:00","",""
"2020-07-27 06:00:00","",""
"2020-07-27 06:15:00","",""
"2020-07-27 06:30:00","",""
"2020-07-27 06:45:00","",""
"2020-07-27 07:00:00","",""
"2020-07-27 07:15:00","",""
"2020-07-27 07:30:00","",""
"2020-07-27 07:45:00","",""
"2020-07-27 08:00:00","",""
"2020-07-27 08:15:00","",""
"2020-07-27 08:30:00","",""
"2020-07-27 08:45:00","",""
"2020-07-27 09:00:00","",""
"2020-07-27 09:15:00","",""
"2020-07-27 09:30:00","",""
"2020-07-27 09:45:00","",""
"2020-07-27 10:00:00","",""
"2020-07-27 10:15:00","",""
"2020-07-27 10:30:00","",""
"2020-07-27 10:45:00","",""
"2020-07-27 11:00:00","",""
"2020-07-27 11:15:00","",""
"2020-07-27 11:30:00","",""
"2020-07-27 11:45:00","",""
"2020-07-27 12:00:00","",""
"2020-07-27 12:15:00","",""
"2020-07-27 12:30:00","",""
"2020-07-27 12:45:00","",""
"2020-07-27 13:00:00","",""
"2020-07-27 13:15:00","",""
"2020-07-27 13:30:00","",""
"2020-07-27 13:45:00","",""
"2020-07-27 14:00:00","",""
"2020-07-27 14:15:00","",""
"2020-07-27 14:30:00","",""
"2020-07-27 14:45:00","",""
"2020-07-27 15:00:00","",""
"2020-07-27 15:15:00","",""
"2020-07-27 15:30:00","",""
"2020-07-27 15:45:00","",""
"2020-07-27 16:00:00","",""
"2020-07-27 16:15:00","",""
"2020-07-27 16:30:00","",""
"2020-07-27 16:45:00","",""
"2020-07-27 17:00:00","",""
"2020-07-27 17:15:00","",""
"2020-07-27 17:30:00","",""
"2020-07-27 17:45:00","",""
"2020-07-27 18:00:00","",""
"2020-07-27 18:15:00","",""
"2020-07-27 18:30:00","",""
"2020-07-27 18:45:00","",""
"2020-07-27 19:00:00","",""
"2020-07-27 19:15:00","",""
"2020-07-27 19:30:00","",""
"2020-07-27 19:45:00","",""
"2020-07-27 20:00:00","",""
"2020-07-27 20:15:00","",""
"2020-07-27 20:30:00","",""
"2020-07-27 20:45:00","",""
"2020-07-27 21:00:00","",""
"2020-07-27 21:15:00","",""
"2020-07-27 21:30:00","",""
"2020-07-27 21:45:00","",""
"2020-07-27 22:00:00","",""
"2020-07-27 22:15:00","",""
"2020-07-27 22:30:00","",""
"2020-07-27 22:45:00","",""
"2020-07-27 23:00:00","",""
"2020-07-27 23:15:00","",""
"2020-07-27 23:30:00","",""
"2020-07-27 23:45:00","",""
"2020-07-28 00:00:00","",""
"2020-07-28 00:15:00","",""
"2020-07-28 00:30:00","",""
"2020-07-28 00:45:00","",""
"2020-07-28 01:00:00","",""
"2020-07-28 01:15:00","",""
"2020-07-28 01:30:00","",""
"2020-07-28 01:45:00","",""
"2020-07-28 02:00:00","",""
"2020-07-28 02:15:00","",""
"2020-07-28 02:30:00","",""
"2020-07-28 02:45:00","",""
"2020-07-28 03:00:00","",""
"2020-07-28 03:15:00","",""
"2020-07-28 03:30:00","",""
"2020-07-28 03:45:00","",""
"2020-07-28 04:00:00","",""
"2020-07-28 04:15:00","",""
"2020-07-28 04:30:00","",""
"2020-07-28 04:45:00","",""
"2020-07-28 05:00:00","",""
"2020-07-28 05:15:00","",""
"2020-07-28 05:30:00","",""
"2020-07-28 05:45:00","",""
"2020-07-28 06:00:00","",""
"2020-07-28 06:15:00","",""
"2020-07-28 06:30:00","",""
"2020-07-28 06:45:00","",""
"2020-07-28 07:00:00","",""
"2020-07-28 07:15:00","",""
"2020-07-28 07:30:00","",""
"2020-07-28 07:45:00","",""
"2020-07-28 08:00:00","",""
"2020-07-28 08:15:00","",""
"2020-07-28 08:30:00","",""
"2020-07-28 08:45:00","",""
"2020-07-28 09:00:00","",""
"2020-07-28 09:15:00","",""
"2020-07-28 09:30:00","",""
"2020-07-28 09:45:00","",""
"2020-07-28 10:00:00","",""
"2020-07-28 10:15:00","",""
"2020-07-28 10:30:00","",""
"2020-07-28 10:45:00","",""
"2020-07-28 11:00:00","",""
"2020-07-28 11:15:00","",""
"2020-07-28 11:30:00","",""
"2020-07-28 11:45:00","",""
"2020-07-28 12:00:00","",""
"2020-07-28 12:15:00","",""
"2020-07-28 12:30:00","",""
"2020-07-28 12:45:00","",""
"2020-07-28 13:00:00","",""
"2020-07-28 13:15:00","",""
"2020-07-28 13:30:00","",""
"2020-07-28 13:45:00","",""
"2020-07-28 14:00:00","",""
"2020-07-28 14:15:00","",""
"2020-07-28 14:30:00","",""
"2020-07-28 14:45:00","",""
"2020-07-28 15:00:00","",""
"2020-07-28 15:15:00","",""
"2020-07-28 15:30:00","",""
"2020-07-28 15:45:00","",""
"2020-07-28 16:00:00","",""
"2020-07-28 16:15:00","",""
"2020-07-28 16:30:00","",""
"2020-07-28 16:45:00","",""
"2020-07-28 17:00:00","",""
"2020-07-28 17:15:00","",""
"2020-07-28 17:30:00","",""
"2020-07-28 17:45:00","",""
"2020-07-28 18:00:00","",""
"2020-07-28 18:15:00","",""
"2020-07-28 18:30:00","",""
"2020-07-28 18:45:00","",""
"2020-07-28 19:00:00","",""
"2020-07-28 19:15:00","",""
"2020-07-28 19:30:00","",""
"2020-07-28 19:45:00","",""
"2020-07-28 20:00:00","",""
"2020-07-28 20:15:00","",""
"2020-07-28 20:30:00","",""
"2020-07-28 20:45:00","",""
"2020-07-28 21:00:00","",""
"2020-07-28 21:15:00","",""
"2020-07-28 21:30:00","",""
"2020-07-28 21:45:00","",""
"2020-07-28 22:00:00","",""
"2020-07-28 22:15:00","",""
"2020-07-28 22:30:00","",""
"2020-07-28 22:45:00","",""
"2020-07-28 23:00:00","",""
"2020-07-28 23:15:00","",""
"2020-07-28 23:30:00","",""
"2020-07-28 23:45:00","",""
"2020-07-29 00:00:00","",""
"2020-07-29 00:15:00","",""
"2020-07-29 00:30:00","",""
"2020-07-29 00:45:00","",""
"2020-07-29 01:00:00","",""
"2020-07-29 01:15:00","",""
"2020-07-29 01:30:00","",""
"2020-07-29 01:45:00","",""
"2020-07-29 02:00:00","",""
"2020-07-29 02:15:00","",""
"2020-07-29 02:30:00","",""
"2020-07-29 02:45:00","",""
"2020-07-29 03:00:00","",""
"2020-07-29 03:15:00","",""
"2020-07-29 03:30:00","",""
"2020-07-29 03:45:00","",""
"2020-07-29 04:00:00","",""
"2020-07-29 04:15:00","",""
"2020-07-29 04:30:00","",""
"2020-07-29 04:45:00","",""
"2020-07-29 05:00:00","",""
"2020-07-29 05:15:00","",""
"2020-07-29 05:30:00","",""
"2020-07-29 05:45:00","",""
"2020-07-29 06:00:00","",""
"2020-07-29 06:15:00","",""
"2020-07-29 06:30:00","",""
"2020-07-29 06:45:00","",""
"2020-07-29 07:00:00","",""
"2020-07-29 07:15:00","",""
"2020-07-29 07:30:00","",""
"2020-07-29 07:45:00","",""
"2020-07-29 08:00:00","",""
"2020-07-29 08:15:00","",""
"2020-07-29 08:30:00","",""
"2020-07-29 08:45:00","",""
"2020-07-29 09:00:00","",""
"2020-07-29 09:15:00","",""
"2020-07-29 09:30:00","",""
"2020-07-29 09:45:00","",""
"2020-07-29 10:00:00","",""
"2020-07-29 10:15:00","",""
"2020-07-29 10:30:00","",""
"2020-07-29 10:45:00","",""
"2020-07-29 11:00:00","",""
"2020-07-29 11:15:00","",""
"2020-07-29 11:30:00","",""
"2020-07-29 11:45:00","",""
"2020-07-29 12:00:00","",""
"2020-07-29 12:15:00","",""
"2020-07-29 12:30:00","",""
"2020-07-29 12:45:00","",""
"2020-07-29 13:00:00","",""
"2020-07-29 13:15:00","",""
"2020-07-29 13:30:00","",""
"2020-07-29 13:45:00","",""
"2020-07-29 14:00:00","",""
"2020-07-29 14:15:00","",""
"2020-07-29 14:30:00","",""
"2020-07-29 14:45:00","",""
"2020-07-29 15:00:00","",""
"2020-07-29 15:15:00","",""
"2020-07-29 15:30:00","",""
"2020-07-29 15:45:00","",""
"2020-07-29 16:00:00","",""
"2020-07-29 16:15:00","",""
"2020-07-29 16:30:00","",""
"2020-07-29 16:45:00","",""
"2020-07-29 17:00:00","",""
"2020-07-29 17:15:00","",""
"2020-07-29 17:30:00","",""
"2020-07-29 17:45:00","",""
"2020-07-29 18:00:00","",""
"2020-07-29 18:15:00","",""
"2020-07-29 18:30:00","",""
"2020-07-29 18:45:00","",""
"2020-07-29 19:00:00","",""
"2020-07-29 19:15:00","",""
"2020-07-29 19:30:00","",""
"2020-07-29 19:45:00","",""
"2020-07-29 20:00:00","",""
"2020-07-29 20:15:00","",""
"2020-07-29 20:30:00","",""
"2020-07-29 20:45:00","",""
"2020-07-29 21:00:00","",""
"2020-07-29 21:15:00","",""
"2020-07-29 21:30:00","",""
"2020-07-29 21:45:00","",""
"2020-07-29 22:00:00","",""
"2020-07-29 22:15:00","",""
"2020-07-29 22:30:00","",""
"2020-07-29 22:45:00","",""
"2020-07-29 23:00:00","",""
"2020-07-29 23:15:00","",""
"2020-07-29 23:30:00","",""
"2020-07-29 23:45:00","",""
"2020-07-30 00:00:00","",""
"2020-07-30 00:15:00","",""
"2020-07-30 00:30:00","",""
"2020-07-30 00:45:00","",""
"2020-07-30 01:00:00","",""
"2020-07-30 01:15:00","",""
"2020-07-30 01:30:00","",""
"2020-07-30 01:45:00","",""
"2020-07-30 02:00:00","",""
"2020-07-30 02:15:00","",""
"2020-07-30 02:30:00","",""
"2020-07-30 02:45:00","",""
"2020-07-30 03:00:00","",""
"2020-07-30 03:15:00","",""
"2020-07-30 03:30:00","",""
"2020-07-30 03:45:00","",""
"2020-07-30 04:00:00","",""
"2020-07-30 04:15:00","",""
"2020-07-30 04:30:00","",""
"2020-07-30 04:45:00","",""
"2020-07-30 05:00:00","",""
"2020-07-30 05:15:00","",""
"2020-07-30 05:30:00","",""
"2020-07-30 05:45:00","",""
"2020-07-30 06:00:00","",""
"2020-07-30 06:15:00","",""
"2020-07-30 06:30:00","",""
"2020-07-30 06:45:00","",""
"2020-07-30 07:00:00","",""
"2020-07-30 07:15:00","",""
"2020-07-30 07:30:00","",""
"2020-07-30 07:45:00","",""
"2020-07-30 08:00:00","",""
"2020-07-30 08:15:00","",""
"2020-07-30 08:30:00","",""
"2020-07-30 08:45:00","",""
"2020-07-30 09:00:00","",""
"2020-07-30 09:15:00","",""
"2020-07-30 09:30:00","",""
"2020-07-30 09:45:00","",""
"2020-07-30 10:00:00","",""
"2020-07-30 10:15:00","",""
"2020-07-30 10:30:00","",""
"2020-07-30 10:45:00","",""
"2020-07-30 11:00:00","",""
"2020-07-30 11:15:00","",""
"2020-07-30 11:30:00","",""
"2020-07-30 11:45:00","",""
"2020-07-30 12:00:00","",""
"2020-07-30 12:15:00","",""
"2020-07-30 12:30:00","",""
"2020-07-30 12:45:00","",""
"2020-07-30 13:00:00","",""
"2020-07-30 13:15:00","",""
"2020-07-30 13:30:00","",""
"2020-07-30 13:45:00","",""
"2020-07-30 14:00:00","",""
"2020-07-30 14:15:00","",""
"2020-07-30 14:30:00","",""
"2020-07-30 14:45:00","",""
"2020-07-30 15:00:00","",""
"2020-07-30 15:15:00","",""
"2020-07-30 15:30:00","",""
"2020-07-30 15:45:00","",""
"2020-07-30 16:00:00","",""
"2020-07-30 16:15:00","",""
"2020-07-30 16:30:00","",""
"2020-07-30 16:45:00","",""
"2020-07-30 17:00:00","",""
"2020-07-30 17:15:00","",""
"2020-07-30 17:30:00","",""
"2020-07-30 17:45:00","",""
"2020-07-30 18:00:00","",""
"2020-07-30 18:15:00","",""
"2020-07-30 18:30:00","",""
"2020-07-30 18:45:00","",""
"2020-07-30 19:00:00","",""
"2020-07-30 19:15:00","",""
"2020-07-30 19:30:00","",""
"2020-07-30 19:45:00","",""
"2020-07-30 20:00:00","",""
"2020-07-30 20:15:00","",""
"2020-07-30 20:30:00","",""
"2020-07-30 20:45:00","",""
"2020-07-30 21:00:00","",""
"2020-07-30 21:15:00","",""
"2020-07-30 21:30:00","",""
"2020-07-30 21:45:00","",""
"2020-07-30 22:00:00","",""
"2020-07-30 22:15:00","",""
"2020-07-30 22:30:00","",""
"2020-07-30 22:45:00","",""
"2020-07-30 23:00:00","",""
"2020-07-30 23:15:00","",""
"2020-07-30 23:30:00","",""
"2020-07-30 23:45:00","",""
"2020-07-31 00:00:00","",""
"2020-07-31 00:15:00","",""
"2020-07-31 00:30:00","",""
"2020-07-31 00:45:00","",""
"2020-07-31 01:00:00","",""
"2020-07-31 01:15:00","",""
"2020-07-31 01:30:00","",""
"2020-07-31 01:45:00","",""
"2020-07-31 02:00:00","",""
"2020-07-31 02:15:00","",""
"2020-07-31 02:30:00","",""
"2020-07-31 02:45:00","",""
"2020-07-31 03:00:00","",""
"2020-07-31 03:15:00","",""
"2020-07-31 03:30:00","",""
"2020-07-31 03:45:00","",""
"2020-07-31 04:00:00","",""
"2020-07-31 04:15:00","",""
"2020-07-31 04:30:00","",""
"2020-07-31 04:45:00","",""
"2020-07-31 05:00:00","",""
"2020-07-31 05:15:00","",""
"2020-07-31 05:30:00","",""
"2020-07-31 05:45:00","",""
"2020-07-31 06:00:00","",""
"2020-07-31 06:15:00","",""
"2020-07-31 06:30:00","",""
"2020-07-31 06:45:00","",""
"2020-07-31 07:00:00","",""
"2020-07-31 07:15:00","",""
"2020-07-31 07:30:00","",""
"2020-07-31 07:45:00","",""
"2020-07-31 08:00:00","",""
"2020-07-31 08:15:00","",""
"2020-07-31 08:30:00","",""
"2020-07-31 08:45:00","",""
"2020-07-31 09:00:00","",""
"2020-07-31 09:15:00","",""
"2020-07-31 09:30:00","",""
"2020-07-31 09:45:00","",""
"2020-07-31 10:00:00","",""
"2020-07-31 10:15:00","",""
"2020-07-31 10:30:00","",""
"2020-07-31 10:45:00","",""
"2020-07-31 11:00:00","",""
"2020-07-31 11:15:00","",""
"2020-07-31 11:30:00","",""
"2020-07-31 11:45:00","",""
"2020-07-31 12:00:00","1,079.9","976.798"
"2020-07-31 12:15:00","1,056.614","953.7"
"2020-07-31 12:30:00","1,008.568","918.34"
"2020-07-31 12:45:00","1,016.431","922.188"
"2020-07-31 13:00:00","988.758","902.131"
"2020-07-31 13:15:00","1,003.418","917.854"
"2020-07-31 13:30:00","1,016.657","930.978"
"2020-07-31 13:45:00","1,003.434","921.618"
"2020-07-31 14:00:00","985.826","906.397"
"2020-07-31 14:15:00","987.596","909.404"
"2020-07-31 14:30:00","944.217","875.026"
"2020-07-31 14:45:00","937.116","877.027"
"2020-07-31 15:00:00","909.75","860.563"
"2020-07-31 15:15:00","713.771","682.239"
"2020-07-31 15:30:00","841.639","784.137"
"2020-07-31 15:45:00","754.129","709.777"
"2020-07-31 16:00:00","447.22","420.263"
"2020-07-31 16:15:00","673.963","641.873"
"2020-07-31 16:30:00","423.653","403.272"
"2020-07-31 16:45:00","493.153","458.887"
"2020-07-31 17:00:00","533.557","500.215"
"2020-07-31 17:15:00","480.174","457.51"
"2020-07-31 17:30:00","409.314","410.124"
"2020-07-31 17:45:00","356.256","370.844"
"2020-07-31 18:00:00","298.297","319.796"
"2020-07-31 18:15:00","245.532","270.332"
"2020-07-31 18:30:00","191.772","221.139"
"2020-07-31 18:45:00","102.806","171.198"
"2020-07-31 19:00:00","29.581","55.582"
"2020-07-31 19:15:00","22.556","27.08"
"2020-07-31 19:30:00","14.207","17.564"
"2020-07-31 19:45:00","5.357","9.321"
"2020-07-31 20:00:00","1.936","3.586"
"2020-07-31 20:15:00","0","-0.58"
"2020-07-31 20:30:00","0","-1.78"
"2020-07-31 20:45:00","0","-1.742"
"2020-07-31 21:00:00","0","-1.477"
"2020-07-31 21:15:00","0","-1.617"
"2020-07-31 21:30:00","0","-1.46"
"2020-07-31 21:45:00","0","-1.438"
"2020-07-31 22:00:00","0","-1.427"
"2020-07-31 22:15:00","0","-1.376"
"2020-07-31 22:30:00","0","-1.285"
"2020-07-31 22:45:00","0","-1.076"
"2020-07-31 23:00:00","0","-1.064"
"2020-07-31 23:15:00","0","-1.297"
"2020-07-31 23:30:00","0","-1.337"
"2020-07-31 23:45:00","0","-1.519"