"Site Time","Production meter active power Kilowatts"
"2020-01-01 00:00:00","-0.099"
"2020-01-01 00:15:00","-0.098"
"2020-01-01 00:30:00","-0.095"
"2020-01-01 00:45:00","-0.098"
"2020-01-01 01:00:00","-0.099"
"2020-01-01 01:15:00","-0.101"
"2020-01-01 01:30:00","-0.097"
"2020-01-01 01:45:00","-0.096"
"2020-01-01 02:00:00","-0.105"
"2020-01-01 02:15:00","-0.101"
"2020-01-01 02:30:00","-0.099"
"2020-01-01 02:45:00","-0.102"
"2020-01-01 03:00:00","-0.099"
"2020-01-01 03:15:00","-0.095"
"2020-01-01 03:30:00","-0.1"
"2020-01-01 03:45:00","-0.1"
"2020-01-01 04:00:00","-0.096"
"2020-01-01 04:15:00","-0.096"
"2020-01-01 04:30:00","-0.096"
"2020-01-01 04:45:00","-0.1"
"2020-01-01 05:00:00","-0.098"
"2020-01-01 05:15:00","-0.099"
"2020-01-01 05:30:00","-0.102"
"2020-01-01 05:45:00","-0.098"
"2020-01-01 06:00:00","-0.099"
"2020-01-01 06:15:00","-0.096"
"2020-01-01 06:30:00","-0.101"
"2020-01-01 06:45:00","-0.104"
"2020-01-01 07:00:00","0.036"
"2020-01-01 07:15:00","4.353"
"2020-01-01 07:30:00","16.593"
"2020-01-01 07:45:00","55.461"
"2020-01-01 08:00:00","119.56"
"2020-01-01 08:15:00","175.224"
"2020-01-01 08:30:00","166.349"
"2020-01-01 08:45:00","148.427"
"2020-01-01 09:00:00","115.088"
"2020-01-01 09:15:00","102.174"
"2020-01-01 09:30:00","128.164"
"2020-01-01 09:45:00","109.867"
"2020-01-01 10:00:00","115.457"
"2020-01-01 10:15:00","136.488"
"2020-01-01 10:30:00","327.112"
"2020-01-01 10:45:00","420.711"
"2020-01-01 11:00:00","358.716"
"2020-01-01 11:15:00","725.636"
"2020-01-01 11:30:00","777.959"
"2020-01-01 11:45:00","722.424"
"2020-01-01 12:00:00","674.471"
"2020-01-01 12:15:00","453.66"
"2020-01-01 12:30:00","185.622"
"2020-01-01 12:45:00","191.975"
"2020-01-01 13:00:00","237.889"
"2020-01-01 13:15:00","483.751"
"2020-01-01 13:30:00","253.812"
"2020-01-01 13:45:00","166.617"
"2020-01-01 14:00:00","136.885"
"2020-01-01 14:15:00","148.04"
"2020-01-01 14:30:00","213.171"
"2020-01-01 14:45:00","124.927"
"2020-01-01 15:00:00","94.929"
"2020-01-01 15:15:00","60.193"
"2020-01-01 15:30:00","32.999"
"2020-01-01 15:45:00","26.705"
"2020-01-01 16:00:00","16.28"
"2020-01-01 16:15:00","7.389"
"2020-01-01 16:30:00","1.007"
"2020-01-01 16:45:00","-0.103"
"2020-01-01 17:00:00","-0.102"
"2020-01-01 17:15:00","-0.099"
"2020-01-01 17:30:00","-0.105"
"2020-01-01 17:45:00","-0.101"
"2020-01-01 18:00:00","-0.104"
"2020-01-01 18:15:00","-0.107"
"2020-01-01 18:30:00","-0.098"
"2020-01-01 18:45:00","-0.1"
"2020-01-01 19:00:00","-0.099"
"2020-01-01 19:15:00","-0.097"
"2020-01-01 19:30:00","-0.099"
"2020-01-01 19:45:00","-0.1"
"2020-01-01 20:00:00","-0.101"
"2020-01-01 20:15:00","-0.1"
"2020-01-01 20:30:00","-0.1"
"2020-01-01 20:45:00","-0.096"
"2020-01-01 21:00:00","-0.097"
"2020-01-01 21:15:00","-0.1"
"2020-01-01 21:30:00","-0.101"
"2020-01-01 21:45:00","-0.101"
"2020-01-01 22:00:00","-0.103"
"2020-01-01 22:15:00","-0.101"
"2020-01-01 22:30:00","-0.103"
"2020-01-01 22:45:00","-0.102"
"2020-01-01 23:00:00","-0.098"
"2020-01-01 23:15:00","-0.096"
"2020-01-01 23:30:00","-0.098"
"2020-01-01 23:45:00","-0.101"
"2020-01-02 00:00:00","-0.099"
"2020-01-02 00:15:00","-0.096"
"2020-01-02 00:30:00","-0.1"
"2020-01-02 00:45:00","-0.103"
"2020-01-02 01:00:00","-0.1"
"2020-01-02 01:15:00","-0.104"
"2020-01-02 01:30:00","-0.105"
"2020-01-02 01:45:00","-0.102"
"2020-01-02 02:00:00","-0.105"
"2020-01-02 02:15:00","-0.108"
"2020-01-02 02:30:00","-0.109"
"2020-01-02 02:45:00","-0.102"
"2020-01-02 03:00:00","-0.096"
"2020-01-02 03:15:00","-0.104"
"2020-01-02 03:30:00","-0.105"
"2020-01-02 03:45:00","-0.104"
"2020-01-02 04:00:00","-0.102"
"2020-01-02 04:15:00","-0.104"
"2020-01-02 04:30:00","-0.105"
"2020-01-02 04:45:00","-0.103"
"2020-01-02 05:00:00","-0.103"
"2020-01-02 05:15:00","-0.106"
"2020-01-02 05:30:00","-0.108"
"2020-01-02 05:45:00","-0.101"
"2020-01-02 06:00:00","-0.099"
"2020-01-02 06:15:00","-0.104"
"2020-01-02 06:30:00","-0.102"
"2020-01-02 06:45:00","-0.105"
"2020-01-02 07:00:00","0.072"
"2020-01-02 07:15:00","2.51"
"2020-01-02 07:30:00","13.734"
"2020-01-02 07:45:00","55.192"
"2020-01-02 08:00:00","168.135"
"2020-01-02 08:15:00","197.501"
"2020-01-02 08:30:00","209.616"
"2020-01-02 08:45:00","406.402"
"2020-01-02 09:00:00","595.383"
"2020-01-02 09:15:00","298.771"
"2020-01-02 09:30:00","363.924"
"2020-01-02 09:45:00","157.379"
"2020-01-02 10:00:00","165.54"
"2020-01-02 10:15:00","353.217"
"2020-01-02 10:30:00","348.776"
"2020-01-02 10:45:00","411.093"
"2020-01-02 11:00:00","437.733"
"2020-01-02 11:15:00","432.443"
"2020-01-02 11:30:00","529.34"
"2020-01-02 11:45:00","513.764"
"2020-01-02 12:00:00","628.503"
"2020-01-02 12:15:00","813.577"
"2020-01-02 12:30:00","773.588"
"2020-01-02 12:45:00","747.18"
"2020-01-02 13:00:00","706.806"
"2020-01-02 13:15:00","653.357"
"2020-01-02 13:30:00","576.395"
"2020-01-02 13:45:00","470.246"
"2020-01-02 14:00:00","295.12"
"2020-01-02 14:15:00","197.335"
"2020-01-02 14:30:00","128.643"
"2020-01-02 14:45:00","113.754"
"2020-01-02 15:00:00","102.044"
"2020-01-02 15:15:00","82.386"
"2020-01-02 15:30:00","64.391"
"2020-01-02 15:45:00","42.675"
"2020-01-02 16:00:00","18.829"
"2020-01-02 16:15:00","6.198"
"2020-01-02 16:30:00","-0.033"
"2020-01-02 16:45:00","-0.1"
"2020-01-02 17:00:00","-0.097"
"2020-01-02 17:15:00","-0.097"
"2020-01-02 17:30:00","-0.101"
"2020-01-02 17:45:00","-0.094"
"2020-01-02 18:00:00","-0.097"
"2020-01-02 18:15:00","-0.099"
"2020-01-02 18:30:00","-0.099"
"2020-01-02 18:45:00","-0.097"
"2020-01-02 19:00:00","-0.094"
"2020-01-02 19:15:00","-0.092"
"2020-01-02 19:30:00","-0.099"
"2020-01-02 19:45:00","-0.093"
"2020-01-02 20:00:00","-0.097"
"2020-01-02 20:15:00","-0.097"
"2020-01-02 20:30:00","-0.095"
"2020-01-02 20:45:00","-0.099"
"2020-01-02 21:00:00","-0.095"
"2020-01-02 21:15:00","-0.097"
"2020-01-02 21:30:00","-0.099"
"2020-01-02 21:45:00","-0.095"
"2020-01-02 22:00:00","-0.094"
"2020-01-02 22:15:00","-0.099"
"2020-01-02 22:30:00","-0.097"
"2020-01-02 22:45:00","-0.099"
"2020-01-02 23:00:00","-0.097"
"2020-01-02 23:15:00","-0.097"
"2020-01-02 23:30:00","-0.095"
"2020-01-02 23:45:00","-0.095"
"2020-01-03 00:00:00","-0.093"
"2020-01-03 00:15:00","-0.091"
"2020-01-03 00:30:00","-0.092"
"2020-01-03 00:45:00","-0.092"
"2020-01-03 01:00:00","-0.097"
"2020-01-03 01:15:00","-0.097"
"2020-01-03 01:30:00","-0.093"
"2020-01-03 01:45:00","-0.094"
"2020-01-03 02:00:00","-0.097"
"2020-01-03 02:15:00","-0.094"
"2020-01-03 02:30:00","-0.097"
"2020-01-03 02:45:00","-0.095"
"2020-01-03 03:00:00","-0.09"
"2020-01-03 03:15:00","-0.092"
"2020-01-03 03:30:00","-0.092"
"2020-01-03 03:45:00","-0.096"
"2020-01-03 04:00:00","-0.093"
"2020-01-03 04:15:00","-0.093"
"2020-01-03 04:30:00","-0.093"
"2020-01-03 04:45:00","-0.093"
"2020-01-03 05:00:00","-0.095"
"2020-01-03 05:15:00","-0.095"
"2020-01-03 05:30:00","-0.093"
"2020-01-03 05:45:00","-0.095"
"2020-01-03 06:00:00","-0.094"
"2020-01-03 06:15:00","-0.094"
"2020-01-03 06:30:00","-0.092"
"2020-01-03 06:45:00","-0.091"
"2020-01-03 07:00:00","-0.095"
"2020-01-03 07:15:00","-0.122"
"2020-01-03 07:30:00","0.902"
"2020-01-03 07:45:00","4.764"
"2020-01-03 08:00:00","41.047"
"2020-01-03 08:15:00","37.698"
"2020-01-03 08:30:00","111.646"
"2020-01-03 08:45:00","83.063"
"2020-01-03 09:00:00","108.172"
"2020-01-03 09:15:00","89.426"
"2020-01-03 09:30:00","72.846"
"2020-01-03 09:45:00","77.018"
"2020-01-03 10:00:00","86.374"
"2020-01-03 10:15:00","74.473"
"2020-01-03 10:30:00","86.82"
"2020-01-03 10:45:00","109.115"
"2020-01-03 11:00:00","151.692"
"2020-01-03 11:15:00","193.758"
"2020-01-03 11:30:00","214.111"
"2020-01-03 11:45:00","150.716"
"2020-01-03 12:00:00","128.185"
"2020-01-03 12:15:00","200.948"
"2020-01-03 12:30:00","140.84"
"2020-01-03 12:45:00","118.574"
"2020-01-03 13:00:00","130.042"
"2020-01-03 13:15:00","88.666"
"2020-01-03 13:30:00","50.631"
"2020-01-03 13:45:00","60.393"
"2020-01-03 14:00:00","55.437"
"2020-01-03 14:15:00","60.852"
"2020-01-03 14:30:00","53.334"
"2020-01-03 14:45:00","52.606"
"2020-01-03 15:00:00","40.518"
"2020-01-03 15:15:00","26.27"
"2020-01-03 15:30:00","16.549"
"2020-01-03 15:45:00","13.092"
"2020-01-03 16:00:00","8.642"
"2020-01-03 16:15:00","1.007"
"2020-01-03 16:30:00","-0.097"
"2020-01-03 16:45:00","-0.095"
"2020-01-03 17:00:00","-0.091"
"2020-01-03 17:15:00","-0.085"
"2020-01-03 17:30:00","-0.091"
"2020-01-03 17:45:00","-0.097"
"2020-01-03 18:00:00","-0.09"
"2020-01-03 18:15:00","-0.094"
"2020-01-03 18:30:00","-0.099"
"2020-01-03 18:45:00","-0.091"
"2020-01-03 19:00:00","-0.091"
"2020-01-03 19:15:00","-0.092"
"2020-01-03 19:30:00","-0.09"
"2020-01-03 19:45:00","-0.095"
"2020-01-03 20:00:00","-0.09"
"2020-01-03 20:15:00","-0.096"
"2020-01-03 20:30:00","-0.088"
"2020-01-03 20:45:00","-0.09"
"2020-01-03 21:00:00","-0.097"
"2020-01-03 21:15:00","-0.099"
"2020-01-03 21:30:00","-0.095"
"2020-01-03 21:45:00","-0.091"
"2020-01-03 22:00:00","-0.092"
"2020-01-03 22:15:00","-0.08"
"2020-01-03 22:30:00","-0.089"
"2020-01-03 22:45:00","-0.096"
"2020-01-03 23:00:00","-0.092"
"2020-01-03 23:15:00","-0.093"
"2020-01-03 23:30:00","-0.095"
"2020-01-03 23:45:00","-0.094"
"2020-01-04 00:00:00","-0.094"
"2020-01-04 00:15:00","-0.09"
"2020-01-04 00:30:00","-0.09"
"2020-01-04 00:45:00","-0.091"
"2020-01-04 01:00:00","-0.1"
"2020-01-04 01:15:00","-0.093"
"2020-01-04 01:30:00","-0.096"
"2020-01-04 01:45:00","-0.091"
"2020-01-04 02:00:00","-0.093"
"2020-01-04 02:15:00","-0.094"
"2020-01-04 02:30:00","-0.095"
"2020-01-04 02:45:00","-0.094"
"2020-01-04 03:00:00","-0.095"
"2020-01-04 03:15:00","-0.092"
"2020-01-04 03:30:00","-0.096"
"2020-01-04 03:45:00","-0.095"
"2020-01-04 04:00:00","-0.095"
"2020-01-04 04:15:00","-0.095"
"2020-01-04 04:30:00","-0.096"
"2020-01-04 04:45:00","-0.096"
"2020-01-04 05:00:00","-0.099"
"2020-01-04 05:15:00","-0.094"
"2020-01-04 05:30:00","-0.09"
"2020-01-04 05:45:00","-0.092"
"2020-01-04 06:00:00","-0.096"
"2020-01-04 06:15:00","-0.094"
"2020-01-04 06:30:00","-0.092"
"2020-01-04 06:45:00","-0.092"
"2020-01-04 07:00:00","-0.09"
"2020-01-04 07:15:00","-0.113"
"2020-01-04 07:30:00","3.182"
"2020-01-04 07:45:00","6.942"
"2020-01-04 08:00:00","5.796"
"2020-01-04 08:15:00","6.477"
"2020-01-04 08:30:00","8.803"
"2020-01-04 08:45:00","17.313"
"2020-01-04 09:00:00","18.088"
"2020-01-04 09:15:00","26.473"
"2020-01-04 09:30:00","25.778"
"2020-01-04 09:45:00","25.572"
"2020-01-04 10:00:00","45.941"
"2020-01-04 10:15:00","37.889"
"2020-01-04 10:30:00","33.167"
"2020-01-04 10:45:00","31.241"
"2020-01-04 11:00:00","22.292"
"2020-01-04 11:15:00","37.396"
"2020-01-04 11:30:00","37.468"
"2020-01-04 11:45:00","37"
"2020-01-04 12:00:00","34.887"
"2020-01-04 12:15:00","38.953"
"2020-01-04 12:30:00","39.054"
"2020-01-04 12:45:00","52.956"
"2020-01-04 13:00:00","52.683"
"2020-01-04 13:15:00","52.957"
"2020-01-04 13:30:00","68.47"
"2020-01-04 13:45:00","60.635"
"2020-01-04 14:00:00","49.148"
"2020-01-04 14:15:00","39.732"
"2020-01-04 14:30:00","34.023"
"2020-01-04 14:45:00","25.654"
"2020-01-04 15:00:00","21.549"
"2020-01-04 15:15:00","14.355"
"2020-01-04 15:30:00","9.351"
"2020-01-04 15:45:00","5.256"
"2020-01-04 16:00:00","2.392"
"2020-01-04 16:15:00","-0.04"
"2020-01-04 16:30:00","-0.097"
"2020-01-04 16:45:00","-0.1"
"2020-01-04 17:00:00","-0.098"
"2020-01-04 17:15:00","-0.096"
"2020-01-04 17:30:00","-0.096"
"2020-01-04 17:45:00","-0.092"
"2020-01-04 18:00:00","-0.099"
"2020-01-04 18:15:00","-0.094"
"2020-01-04 18:30:00","-0.095"
"2020-01-04 18:45:00","-0.095"
"2020-01-04 19:00:00","-0.097"
"2020-01-04 19:15:00","-0.096"
"2020-01-04 19:30:00","-0.092"
"2020-01-04 19:45:00","-0.097"
"2020-01-04 20:00:00","-0.094"
"2020-01-04 20:15:00","-0.094"
"2020-01-04 20:30:00","-0.102"
"2020-01-04 20:45:00","-0.099"
"2020-01-04 21:00:00","-0.1"
"2020-01-04 21:15:00","-0.1"
"2020-01-04 21:30:00","-0.1"
"2020-01-04 21:45:00","-0.096"
"2020-01-04 22:00:00","-0.092"
"2020-01-04 22:15:00","-0.098"
"2020-01-04 22:30:00","-0.101"
"2020-01-04 22:45:00","-0.096"
"2020-01-04 23:00:00","-0.102"
"2020-01-04 23:15:00","-0.102"
"2020-01-04 23:30:00","-0.1"
"2020-01-04 23:45:00","-0.1"
"2020-01-05 00:00:00","-0.099"
"2020-01-05 00:15:00","-0.097"
"2020-01-05 00:30:00","-0.102"
"2020-01-05 00:45:00","-0.106"
"2020-01-05 01:00:00","-0.101"
"2020-01-05 01:15:00","-0.104"
"2020-01-05 01:30:00","-0.105"
"2020-01-05 01:45:00","-0.102"
"2020-01-05 02:00:00","-0.105"
"2020-01-05 02:15:00","-0.102"
"2020-01-05 02:30:00","-0.096"
"2020-01-05 02:45:00","-0.101"
"2020-01-05 03:00:00","-0.104"
"2020-01-05 03:15:00","-0.105"
"2020-01-05 03:30:00","-0.103"
"2020-01-05 03:45:00","-0.107"
"2020-01-05 04:00:00","-0.101"
"2020-01-05 04:15:00","-0.103"
"2020-01-05 04:30:00","-0.102"
"2020-01-05 04:45:00","-0.1"
"2020-01-05 05:00:00","-0.104"
"2020-01-05 05:15:00","-0.109"
"2020-01-05 05:30:00","-0.105"
"2020-01-05 05:45:00","-0.1"
"2020-01-05 06:00:00","-0.109"
"2020-01-05 06:15:00","-0.108"
"2020-01-05 06:30:00","-0.106"
"2020-01-05 06:45:00","-0.113"
"2020-01-05 07:00:00","-0.126"
"2020-01-05 07:15:00","0.164"
"2020-01-05 07:30:00","6.357"
"2020-01-05 07:45:00","23.113"
"2020-01-05 08:00:00","49.339"
"2020-01-05 08:15:00","51.688"
"2020-01-05 08:30:00","52.604"
"2020-01-05 08:45:00","81.915"
"2020-01-05 09:00:00","146.147"
"2020-01-05 09:15:00","146.15"
"2020-01-05 09:30:00","313.927"
"2020-01-05 09:45:00","347.156"
"2020-01-05 10:00:00","186.255"
"2020-01-05 10:15:00","261.578"
"2020-01-05 10:30:00","143.984"
"2020-01-05 10:45:00","115.147"
"2020-01-05 11:00:00","159.537"
"2020-01-05 11:15:00","249.355"
"2020-01-05 11:30:00","254.221"
"2020-01-05 11:45:00","332.336"
"2020-01-05 12:00:00","317.44"
"2020-01-05 12:15:00","247.638"
"2020-01-05 12:30:00","304.3"
"2020-01-05 12:45:00","438.488"
"2020-01-05 13:00:00","172.232"
"2020-01-05 13:15:00","535.649"
"2020-01-05 13:30:00","602.505"
"2020-01-05 13:45:00","434.251"
"2020-01-05 14:00:00","268.587"
"2020-01-05 14:15:00","360.583"
"2020-01-05 14:30:00","220.531"
"2020-01-05 14:45:00","110.489"
"2020-01-05 15:00:00","124.537"
"2020-01-05 15:15:00","63.311"
"2020-01-05 15:30:00","45.082"
"2020-01-05 15:45:00","29.21"
"2020-01-05 16:00:00","20.079"
"2020-01-05 16:15:00","8.11"
"2020-01-05 16:30:00","1.256"
"2020-01-05 16:45:00","-0.109"
"2020-01-05 17:00:00","-0.11"
"2020-01-05 17:15:00","-0.109"
"2020-01-05 17:30:00","-0.099"
"2020-01-05 17:45:00","-0.107"
"2020-01-05 18:00:00","-0.106"
"2020-01-05 18:15:00","-0.105"
"2020-01-05 18:30:00","-0.101"
"2020-01-05 18:45:00","-0.103"
"2020-01-05 19:00:00","-0.112"
"2020-01-05 19:15:00","-0.104"
"2020-01-05 19:30:00","-0.11"
"2020-01-05 19:45:00","-0.108"
"2020-01-05 20:00:00","-0.103"
"2020-01-05 20:15:00","-0.102"
"2020-01-05 20:30:00","-0.105"
"2020-01-05 20:45:00","-0.105"
"2020-01-05 21:00:00","-0.102"
"2020-01-05 21:15:00","-0.111"
"2020-01-05 21:30:00","-0.104"
"2020-01-05 21:45:00","-0.103"
"2020-01-05 22:00:00","-0.11"
"2020-01-05 22:15:00","-0.111"
"2020-01-05 22:30:00","-0.107"
"2020-01-05 22:45:00","-0.1"
"2020-01-05 23:00:00","-0.106"
"2020-01-05 23:15:00","-0.111"
"2020-01-05 23:30:00","-0.101"
"2020-01-05 23:45:00","-0.103"
"2020-01-06 00:00:00","-0.107"
"2020-01-06 00:15:00","-0.108"
"2020-01-06 00:30:00","-0.105"
"2020-01-06 00:45:00","-0.104"
"2020-01-06 01:00:00","-0.107"
"2020-01-06 01:15:00","-0.101"
"2020-01-06 01:30:00","-0.108"
"2020-01-06 01:45:00","-0.106"
"2020-01-06 02:00:00","-0.103"
"2020-01-06 02:15:00","-0.107"
"2020-01-06 02:30:00","-0.103"
"2020-01-06 02:45:00","-0.106"
"2020-01-06 03:00:00","-0.103"
"2020-01-06 03:15:00","-0.105"
"2020-01-06 03:30:00","-0.101"
"2020-01-06 03:45:00","-0.1"
"2020-01-06 04:00:00","-0.104"
"2020-01-06 04:15:00","-0.099"
"2020-01-06 04:30:00","-0.103"
"2020-01-06 04:45:00","-0.096"
"2020-01-06 05:00:00","-0.101"
"2020-01-06 05:15:00","-0.101"
"2020-01-06 05:30:00","-0.103"
"2020-01-06 05:45:00","-0.096"
"2020-01-06 06:00:00","-0.101"
"2020-01-06 06:15:00","-0.098"
"2020-01-06 06:30:00","-0.1"
"2020-01-06 06:45:00","-0.104"
"2020-01-06 07:00:00","-0.105"
"2020-01-06 07:15:00","-0.036"
"2020-01-06 07:30:00","5.403"
"2020-01-06 07:45:00","17.146"
"2020-01-06 08:00:00","21.627"
"2020-01-06 08:15:00","32.321"
"2020-01-06 08:30:00","38.563"
"2020-01-06 08:45:00","30.575"
"2020-01-06 09:00:00","39.504"
"2020-01-06 09:15:00","45.425"
"2020-01-06 09:30:00","38.38"
"2020-01-06 09:45:00","39.816"
"2020-01-06 10:00:00","45.039"
"2020-01-06 10:15:00","52.786"
"2020-01-06 10:30:00","100.254"
"2020-01-06 10:45:00","106.654"
"2020-01-06 11:00:00","110.566"
"2020-01-06 11:15:00","113.235"
"2020-01-06 11:30:00","117.24"
"2020-01-06 11:45:00","164.456"
"2020-01-06 12:00:00","196.723"
"2020-01-06 12:15:00","336.986"
"2020-01-06 12:30:00","595.86"
"2020-01-06 12:45:00","685.979"
"2020-01-06 13:00:00","512.3"
"2020-01-06 13:15:00","318.983"
"2020-01-06 13:30:00","608.381"
"2020-01-06 13:45:00","372.282"
"2020-01-06 14:00:00","104.961"
"2020-01-06 14:15:00","81.677"
"2020-01-06 14:30:00","189.11"
"2020-01-06 14:45:00","192.175"
"2020-01-06 15:00:00","95.136"
"2020-01-06 15:15:00","93.206"
"2020-01-06 15:30:00","83.247"
"2020-01-06 15:45:00","47.134"
"2020-01-06 16:00:00","18.565"
"2020-01-06 16:15:00","6.478"
"2020-01-06 16:30:00","1.621"
"2020-01-06 16:45:00","-0.102"
"2020-01-06 17:00:00","-0.093"
"2020-01-06 17:15:00","-0.1"
"2020-01-06 17:30:00","-0.093"
"2020-01-06 17:45:00","-0.101"
"2020-01-06 18:00:00","-0.098"
"2020-01-06 18:15:00","-0.099"
"2020-01-06 18:30:00","-0.098"
"2020-01-06 18:45:00","-0.101"
"2020-01-06 19:00:00","-0.101"
"2020-01-06 19:15:00","-0.096"
"2020-01-06 19:30:00","-0.098"
"2020-01-06 19:45:00","-0.098"
"2020-01-06 20:00:00","-0.096"
"2020-01-06 20:15:00","-0.101"
"2020-01-06 20:30:00","-0.1"
"2020-01-06 20:45:00","-0.101"
"2020-01-06 21:00:00","-0.101"
"2020-01-06 21:15:00","-0.102"
"2020-01-06 21:30:00","-0.101"
"2020-01-06 21:45:00","-0.1"
"2020-01-06 22:00:00","-0.101"
"2020-01-06 22:15:00","-0.104"
"2020-01-06 22:30:00","-0.105"
"2020-01-06 22:45:00","-0.104"
"2020-01-06 23:00:00","-0.1"
"2020-01-06 23:15:00","-0.108"
"2020-01-06 23:30:00","-0.11"
"2020-01-06 23:45:00","-0.107"
"2020-01-07 00:00:00","-0.114"
"2020-01-07 00:15:00","-0.109"
"2020-01-07 00:30:00","-0.106"
"2020-01-07 00:45:00","-0.101"
"2020-01-07 01:00:00","-0.099"
"2020-01-07 01:15:00","-0.106"
"2020-01-07 01:30:00","-0.104"
"2020-01-07 01:45:00","-0.106"
"2020-01-07 02:00:00","-0.106"
"2020-01-07 02:15:00","-0.11"
"2020-01-07 02:30:00","-0.11"
"2020-01-07 02:45:00","-0.108"
"2020-01-07 03:00:00","-0.103"
"2020-01-07 03:15:00","-0.108"
"2020-01-07 03:30:00","-0.108"
"2020-01-07 03:45:00","-0.106"
"2020-01-07 04:00:00","-0.102"
"2020-01-07 04:15:00","-0.108"
"2020-01-07 04:30:00","-0.105"
"2020-01-07 04:45:00","-0.103"
"2020-01-07 05:00:00","-0.105"
"2020-01-07 05:15:00","-0.103"
"2020-01-07 05:30:00","-0.103"
"2020-01-07 05:45:00","-0.106"
"2020-01-07 06:00:00","-0.103"
"2020-01-07 06:15:00","-0.101"
"2020-01-07 06:30:00","-0.102"
"2020-01-07 06:45:00","-0.103"
"2020-01-07 07:00:00","-0.015"
"2020-01-07 07:15:00","1.925"
"2020-01-07 07:30:00","12.362"
"2020-01-07 07:45:00","30.265"
"2020-01-07 08:00:00","55.65"
"2020-01-07 08:15:00","90.537"
"2020-01-07 08:30:00","92.21"
"2020-01-07 08:45:00","106.873"
"2020-01-07 09:00:00","161.567"
"2020-01-07 09:15:00","288.306"
"2020-01-07 09:30:00","220.637"
"2020-01-07 09:45:00","263.437"
"2020-01-07 10:00:00","584.626"
"2020-01-07 10:15:00","732.818"
"2020-01-07 10:30:00","757.67"
"2020-01-07 10:45:00","787.134"
"2020-01-07 11:00:00","807.583"
"2020-01-07 11:15:00","804.365"
"2020-01-07 11:30:00","850.363"
"2020-01-07 11:45:00","729.574"
"2020-01-07 12:00:00","737.931"
"2020-01-07 12:15:00","393.798"
"2020-01-07 12:30:00","258.692"
"2020-01-07 12:45:00","322.374"
"2020-01-07 13:00:00","482.444"
"2020-01-07 13:15:00","237.685"
"2020-01-07 13:30:00","238.155"
"2020-01-07 13:45:00","235.428"
"2020-01-07 14:00:00","227.699"
"2020-01-07 14:15:00","172.228"
"2020-01-07 14:30:00","132.033"
"2020-01-07 14:45:00","148.955"
"2020-01-07 15:00:00","100.026"
"2020-01-07 15:15:00","74.636"
"2020-01-07 15:30:00","46.537"
"2020-01-07 15:45:00","31.982"
"2020-01-07 16:00:00","12.994"
"2020-01-07 16:15:00","4.089"
"2020-01-07 16:30:00","-0.068"
"2020-01-07 16:45:00","-0.096"
"2020-01-07 17:00:00","-0.102"
"2020-01-07 17:15:00","-0.094"
"2020-01-07 17:30:00","-0.101"
"2020-01-07 17:45:00","-0.099"
"2020-01-07 18:00:00","-0.092"
"2020-01-07 18:15:00","-0.101"
"2020-01-07 18:30:00","-0.095"
"2020-01-07 18:45:00","-0.095"
"2020-01-07 19:00:00","-0.094"
"2020-01-07 19:15:00","-0.095"
"2020-01-07 19:30:00","-0.093"
"2020-01-07 19:45:00","-0.098"
"2020-01-07 20:00:00","-0.089"
"2020-01-07 20:15:00","-0.098"
"2020-01-07 20:30:00","-0.098"
"2020-01-07 20:45:00","-0.096"
"2020-01-07 21:00:00","-0.098"
"2020-01-07 21:15:00","-0.102"
"2020-01-07 21:30:00","-0.102"
"2020-01-07 21:45:00","-0.098"
"2020-01-07 22:00:00","-0.096"
"2020-01-07 22:15:00","-0.095"
"2020-01-07 22:30:00","-0.098"
"2020-01-07 22:45:00","-0.095"
"2020-01-07 23:00:00","-0.102"
"2020-01-07 23:15:00","-0.106"
"2020-01-07 23:30:00","-0.101"
"2020-01-07 23:45:00","-0.103"
"2020-01-08 00:00:00","-0.1"
"2020-01-08 00:15:00","-0.103"
"2020-01-08 00:30:00","-0.1"
"2020-01-08 00:45:00","-0.103"
"2020-01-08 01:00:00","-0.098"
"2020-01-08 01:15:00","-0.103"
"2020-01-08 01:30:00","-0.104"
"2020-01-08 01:45:00","-0.103"
"2020-01-08 02:00:00","-0.101"
"2020-01-08 02:15:00","-0.096"
"2020-01-08 02:30:00","-0.097"
"2020-01-08 02:45:00","-0.095"
"2020-01-08 03:00:00","-0.103"
"2020-01-08 03:15:00","-0.1"
"2020-01-08 03:30:00","-0.1"
"2020-01-08 03:45:00","-0.098"
"2020-01-08 04:00:00","-0.099"
"2020-01-08 04:15:00","-0.103"
"2020-01-08 04:30:00","-0.106"
"2020-01-08 04:45:00","-0.103"
"2020-01-08 05:00:00","-0.104"
"2020-01-08 05:15:00","-0.101"
"2020-01-08 05:30:00","-0.103"
"2020-01-08 05:45:00","-0.103"
"2020-01-08 06:00:00","-0.107"
"2020-01-08 06:15:00","-0.104"
"2020-01-08 06:30:00","-0.1"
"2020-01-08 06:45:00","-0.103"
"2020-01-08 07:00:00","0.091"
"2020-01-08 07:15:00","2.482"
"2020-01-08 07:30:00","11.031"
"2020-01-08 07:45:00","20.598"
"2020-01-08 08:00:00","25.879"
"2020-01-08 08:15:00","84.642"
"2020-01-08 08:30:00","67.546"
"2020-01-08 08:45:00","261.27"
"2020-01-08 09:00:00","424.463"
"2020-01-08 09:15:00","413.121"
"2020-01-08 09:30:00","436.131"
"2020-01-08 09:45:00","617.67"
"2020-01-08 10:00:00","666.685"
"2020-01-08 10:15:00","706.764"
"2020-01-08 10:30:00","738.296"
"2020-01-08 10:45:00","680.505"
"2020-01-08 11:00:00","802.031"
"2020-01-08 11:15:00","725.031"
"2020-01-08 11:30:00","652.112"
"2020-01-08 11:45:00","703.343"
"2020-01-08 12:00:00","271.949"
"2020-01-08 12:15:00","619.412"
"2020-01-08 12:30:00","271.945"
"2020-01-08 12:45:00","165.669"
"2020-01-08 13:00:00","92.255"
"2020-01-08 13:15:00","161.388"
"2020-01-08 13:30:00","118.053"
"2020-01-08 13:45:00","249.276"
"2020-01-08 14:00:00","308.443"
"2020-01-08 14:15:00","381.806"
"2020-01-08 14:30:00","158.367"
"2020-01-08 14:45:00","65.631"
"2020-01-08 15:00:00","76.288"
"2020-01-08 15:15:00","68.581"
"2020-01-08 15:30:00","53.767"
"2020-01-08 15:45:00","32.388"
"2020-01-08 16:00:00","24.162"
"2020-01-08 16:15:00","14.873"
"2020-01-08 16:30:00","3.469"
"2020-01-08 16:45:00","-0.076"
"2020-01-08 17:00:00","-0.109"
"2020-01-08 17:15:00","-0.106"
"2020-01-08 17:30:00","-0.106"
"2020-01-08 17:45:00","-0.112"
"2020-01-08 18:00:00","-0.113"
"2020-01-08 18:15:00","-0.115"
"2020-01-08 18:30:00","-0.115"
"2020-01-08 18:45:00","-0.112"
"2020-01-08 19:00:00","-0.114"
"2020-01-08 19:15:00","-0.106"
"2020-01-08 19:30:00","-0.111"
"2020-01-08 19:45:00","-0.112"
"2020-01-08 20:00:00","-0.111"
"2020-01-08 20:15:00","-0.111"
"2020-01-08 20:30:00","-0.112"
"2020-01-08 20:45:00","-0.114"
"2020-01-08 21:00:00","-0.111"
"2020-01-08 21:15:00","-0.113"
"2020-01-08 21:30:00","-0.113"
"2020-01-08 21:45:00","-0.119"
"2020-01-08 22:00:00","-0.115"
"2020-01-08 22:15:00","-0.112"
"2020-01-08 22:30:00","-0.115"
"2020-01-08 22:45:00","-0.113"
"2020-01-08 23:00:00","-0.117"
"2020-01-08 23:15:00","-0.115"
"2020-01-08 23:30:00","-0.116"
"2020-01-08 23:45:00","-0.115"
"2020-01-09 00:00:00","-0.117"
"2020-01-09 00:15:00","-0.117"
"2020-01-09 00:30:00","-0.117"
"2020-01-09 00:45:00","-0.123"
"2020-01-09 01:00:00","-0.119"
"2020-01-09 01:15:00","-0.116"
"2020-01-09 01:30:00","-0.121"
"2020-01-09 01:45:00","-0.124"
"2020-01-09 02:00:00","-0.122"
"2020-01-09 02:15:00","-0.121"
"2020-01-09 02:30:00","-0.118"
"2020-01-09 02:45:00","-0.118"
"2020-01-09 03:00:00","-0.124"
"2020-01-09 03:15:00","-0.121"
"2020-01-09 03:30:00","-0.119"
"2020-01-09 03:45:00","-0.122"
"2020-01-09 04:00:00","-0.123"
"2020-01-09 04:15:00","-0.119"
"2020-01-09 04:30:00","-0.125"
"2020-01-09 04:45:00","-0.117"
"2020-01-09 05:00:00","-0.118"
"2020-01-09 05:15:00","-0.116"
"2020-01-09 05:30:00","-0.116"
"2020-01-09 05:45:00","-0.116"
"2020-01-09 06:00:00","-0.118"
"2020-01-09 06:15:00","-0.118"
"2020-01-09 06:30:00","-0.12"
"2020-01-09 06:45:00","-0.118"
"2020-01-09 07:00:00","0.21"
"2020-01-09 07:15:00","5.636"
"2020-01-09 07:30:00","23.727"
"2020-01-09 07:45:00","68.598"
"2020-01-09 08:00:00","149.61"
"2020-01-09 08:15:00","236.677"
"2020-01-09 08:30:00","321.615"
"2020-01-09 08:45:00","418.57"
"2020-01-09 09:00:00","501.317"
"2020-01-09 09:15:00","571.232"
"2020-01-09 09:30:00","631.944"
"2020-01-09 09:45:00","687.352"
"2020-01-09 10:00:00","735.138"
"2020-01-09 10:15:00","779.674"
"2020-01-09 10:30:00","812.122"
"2020-01-09 10:45:00","835.527"
"2020-01-09 11:00:00","854.698"
"2020-01-09 11:15:00","872.14"
"2020-01-09 11:30:00","879.318"
"2020-01-09 11:45:00","880.922"
"2020-01-09 12:00:00","874.513"
"2020-01-09 12:15:00","850.711"
"2020-01-09 12:30:00","848.807"
"2020-01-09 12:45:00","828.577"
"2020-01-09 13:00:00","793.761"
"2020-01-09 13:15:00","741.64"
"2020-01-09 13:30:00","635.514"
"2020-01-09 13:45:00","514.924"
"2020-01-09 14:00:00","341.053"
"2020-01-09 14:15:00","356.024"
"2020-01-09 14:30:00","252.107"
"2020-01-09 14:45:00","203.079"
"2020-01-09 15:00:00","165.037"
"2020-01-09 15:15:00","96.674"
"2020-01-09 15:30:00","50.205"
"2020-01-09 15:45:00","27.156"
"2020-01-09 16:00:00","14.631"
"2020-01-09 16:15:00","7.789"
"2020-01-09 16:30:00","1.372"
"2020-01-09 16:45:00","-0.098"
"2020-01-09 17:00:00","-0.104"
"2020-01-09 17:15:00","-0.103"
"2020-01-09 17:30:00","-0.095"
"2020-01-09 17:45:00","-0.1"
"2020-01-09 18:00:00","-0.102"
"2020-01-09 18:15:00","-0.103"
"2020-01-09 18:30:00","-0.106"
"2020-01-09 18:45:00","-0.098"
"2020-01-09 19:00:00","-0.099"
"2020-01-09 19:15:00","-0.101"
"2020-01-09 19:30:00","-0.102"
"2020-01-09 19:45:00","-0.103"
"2020-01-09 20:00:00","-0.101"
"2020-01-09 20:15:00","-0.102"
"2020-01-09 20:30:00","-0.1"
"2020-01-09 20:45:00","-0.103"
"2020-01-09 21:00:00","-0.101"
"2020-01-09 21:15:00","-0.109"
"2020-01-09 21:30:00","-0.108"
"2020-01-09 21:45:00","-0.106"
"2020-01-09 22:00:00","-0.103"
"2020-01-09 22:15:00","-0.11"
"2020-01-09 22:30:00","-0.107"
"2020-01-09 22:45:00","-0.113"
"2020-01-09 23:00:00","-0.102"
"2020-01-09 23:15:00","-0.105"
"2020-01-09 23:30:00","-0.102"
"2020-01-09 23:45:00","-0.105"
"2020-01-10 00:00:00","-0.109"
"2020-01-10 00:15:00","-0.108"
"2020-01-10 00:30:00","-0.107"
"2020-01-10 00:45:00","-0.11"
"2020-01-10 01:00:00","-0.109"
"2020-01-10 01:15:00","-0.111"
"2020-01-10 01:30:00","-0.103"
"2020-01-10 01:45:00","-0.107"
"2020-01-10 02:00:00","-0.102"
"2020-01-10 02:15:00","-0.113"
"2020-01-10 02:30:00","-0.113"
"2020-01-10 02:45:00","-0.112"
"2020-01-10 03:00:00","-0.11"
"2020-01-10 03:15:00","-0.109"
"2020-01-10 03:30:00","-0.105"
"2020-01-10 03:45:00","-0.107"
"2020-01-10 04:00:00","-0.105"
"2020-01-10 04:15:00","-0.106"
"2020-01-10 04:30:00","-0.106"
"2020-01-10 04:45:00","-0.105"
"2020-01-10 05:00:00","-0.104"
"2020-01-10 05:15:00","-0.103"
"2020-01-10 05:30:00","-0.1"
"2020-01-10 05:45:00","-0.102"
"2020-01-10 06:00:00","-0.099"
"2020-01-10 06:15:00","-0.109"
"2020-01-10 06:30:00","-0.103"
"2020-01-10 06:45:00","-0.112"
"2020-01-10 07:00:00","-0.115"
"2020-01-10 07:15:00","6.892"
"2020-01-10 07:30:00","27.392"
"2020-01-10 07:45:00","44.096"
"2020-01-10 08:00:00","37.794"
"2020-01-10 08:15:00","53.178"
"2020-01-10 08:30:00","162.097"
"2020-01-10 08:45:00","267.872"
"2020-01-10 09:00:00","144.3"
"2020-01-10 09:15:00","98.19"
"2020-01-10 09:30:00","109.976"
"2020-01-10 09:45:00","126.563"
"2020-01-10 10:00:00","165.62"
"2020-01-10 10:15:00","182.55"
"2020-01-10 10:30:00","131.193"
"2020-01-10 10:45:00","123.769"
"2020-01-10 11:00:00","124.097"
"2020-01-10 11:15:00","157.415"
"2020-01-10 11:30:00","83.677"
"2020-01-10 11:45:00","60.478"
"2020-01-10 12:00:00","54.456"
"2020-01-10 12:15:00","73.344"
"2020-01-10 12:30:00","54.244"
"2020-01-10 12:45:00","60.451"
"2020-01-10 13:00:00","59.707"
"2020-01-10 13:15:00","56.428"
"2020-01-10 13:30:00","52.566"
"2020-01-10 13:45:00","105.729"
"2020-01-10 14:00:00","114.974"
"2020-01-10 14:15:00","98.202"
"2020-01-10 14:30:00","113.296"
"2020-01-10 14:45:00","161.083"
"2020-01-10 15:00:00","98.071"
"2020-01-10 15:15:00","55.353"
"2020-01-10 15:30:00","47.406"
"2020-01-10 15:45:00","37.273"
"2020-01-10 16:00:00","31.847"
"2020-01-10 16:15:00","9.413"
"2020-01-10 16:30:00","0.843"
"2020-01-10 16:45:00","-0.101"
"2020-01-10 17:00:00","-0.089"
"2020-01-10 17:15:00","-0.09"
"2020-01-10 17:30:00","-0.086"
"2020-01-10 17:45:00","-0.092"
"2020-01-10 18:00:00","-0.09"
"2020-01-10 18:15:00","-0.098"
"2020-01-10 18:30:00","-0.092"
"2020-01-10 18:45:00","-0.093"
"2020-01-10 19:00:00","-0.095"
"2020-01-10 19:15:00","-0.092"
"2020-01-10 19:30:00","-0.092"
"2020-01-10 19:45:00","-0.088"
"2020-01-10 20:00:00","-0.099"
"2020-01-10 20:15:00","-0.093"
"2020-01-10 20:30:00","-0.092"
"2020-01-10 20:45:00","-0.088"
"2020-01-10 21:00:00","-0.093"
"2020-01-10 21:15:00","-0.093"
"2020-01-10 21:30:00","-0.087"
"2020-01-10 21:45:00","-0.091"
"2020-01-10 22:00:00","-0.09"
"2020-01-10 22:15:00","-0.094"
"2020-01-10 22:30:00","-0.093"
"2020-01-10 22:45:00","-0.093"
"2020-01-10 23:00:00","-0.093"
"2020-01-10 23:15:00","-0.099"
"2020-01-10 23:30:00","-0.093"
"2020-01-10 23:45:00","-0.097"
"2020-01-11 00:00:00","-0.094"
"2020-01-11 00:15:00","-0.093"
"2020-01-11 00:30:00","-0.094"
"2020-01-11 00:45:00","-0.093"
"2020-01-11 01:00:00","-0.095"
"2020-01-11 01:15:00","-0.092"
"2020-01-11 01:30:00","-0.092"
"2020-01-11 01:45:00","-0.091"
"2020-01-11 02:00:00","-0.095"
"2020-01-11 02:15:00","-0.092"
"2020-01-11 02:30:00","-0.087"
"2020-01-11 02:45:00","-0.092"
"2020-01-11 03:00:00","-0.087"
"2020-01-11 03:15:00","-0.09"
"2020-01-11 03:30:00","-0.087"
"2020-01-11 03:45:00","-0.091"
"2020-01-11 04:00:00","-0.094"
"2020-01-11 04:15:00","-0.088"
"2020-01-11 04:30:00","-0.086"
"2020-01-11 04:45:00","-0.088"
"2020-01-11 05:00:00","-0.09"
"2020-01-11 05:15:00","-0.09"
"2020-01-11 05:30:00","-0.093"
"2020-01-11 05:45:00","-0.09"
"2020-01-11 06:00:00","-0.093"
"2020-01-11 06:15:00","-0.086"
"2020-01-11 06:30:00","-0.091"
"2020-01-11 06:45:00","-0.092"
"2020-01-11 07:00:00","-0.092"
"2020-01-11 07:15:00","1.017"
"2020-01-11 07:30:00","3.95"
"2020-01-11 07:45:00","9.968"
"2020-01-11 08:00:00","32.042"
"2020-01-11 08:15:00","44.563"
"2020-01-11 08:30:00","89.949"
"2020-01-11 08:45:00","280.009"
"2020-01-11 09:00:00","212.479"
"2020-01-11 09:15:00","208.181"
"2020-01-11 09:30:00","229.036"
"2020-01-11 09:45:00","504.857"
"2020-01-11 10:00:00","197.615"
"2020-01-11 10:15:00","190.782"
"2020-01-11 10:30:00","187.66"
"2020-01-11 10:45:00","183.213"
"2020-01-11 11:00:00","243.473"
"2020-01-11 11:15:00","237.894"
"2020-01-11 11:30:00","506.927"
"2020-01-11 11:45:00","833.021"
"2020-01-11 12:00:00","560.422"
"2020-01-11 12:15:00","616.477"
"2020-01-11 12:30:00","469.36"
"2020-01-11 12:45:00","684.138"
"2020-01-11 13:00:00","753.159"
"2020-01-11 13:15:00","608.949"
"2020-01-11 13:30:00","354.003"
"2020-01-11 13:45:00","342.304"
"2020-01-11 14:00:00","230.383"
"2020-01-11 14:15:00","229.405"
"2020-01-11 14:30:00","267.057"
"2020-01-11 14:45:00","241.384"
"2020-01-11 15:00:00","164.522"
"2020-01-11 15:15:00","73.24"
"2020-01-11 15:30:00","53.743"
"2020-01-11 15:45:00","41.242"
"2020-01-11 16:00:00","18.004"
"2020-01-11 16:15:00","5.444"
"2020-01-11 16:30:00","0.137"
"2020-01-11 16:45:00","-0.084"
"2020-01-11 17:00:00","-0.085"
"2020-01-11 17:15:00","-0.088"
"2020-01-11 17:30:00","-0.085"
"2020-01-11 17:45:00","-0.085"
"2020-01-11 18:00:00","-0.09"
"2020-01-11 18:15:00","-0.083"
"2020-01-11 18:30:00","-0.089"
"2020-01-11 18:45:00","-0.091"
"2020-01-11 19:00:00","-0.089"
"2020-01-11 19:15:00","-0.086"
"2020-01-11 19:30:00","-0.085"
"2020-01-11 19:45:00","-0.087"
"2020-01-11 20:00:00","-0.083"
"2020-01-11 20:15:00","-0.088"
"2020-01-11 20:30:00","-0.09"
"2020-01-11 20:45:00","-0.091"
"2020-01-11 21:00:00","-0.09"
"2020-01-11 21:15:00","-0.087"
"2020-01-11 21:30:00","-0.091"
"2020-01-11 21:45:00","-0.092"
"2020-01-11 22:00:00","-0.085"
"2020-01-11 22:15:00","-0.087"
"2020-01-11 22:30:00","-0.085"
"2020-01-11 22:45:00","-0.088"
"2020-01-11 23:00:00","-0.085"
"2020-01-11 23:15:00","-0.092"
"2020-01-11 23:30:00","-0.084"
"2020-01-11 23:45:00","-0.087"
"2020-01-12 00:00:00","-0.088"
"2020-01-12 00:15:00","-0.081"
"2020-01-12 00:30:00","-0.085"
"2020-01-12 00:45:00","-0.085"
"2020-01-12 01:00:00","-0.083"
"2020-01-12 01:15:00","-0.086"
"2020-01-12 01:30:00","-0.087"
"2020-01-12 01:45:00","-0.088"
"2020-01-12 02:00:00","-0.088"
"2020-01-12 02:15:00","-0.085"
"2020-01-12 02:30:00","-0.087"
"2020-01-12 02:45:00","-0.081"
"2020-01-12 03:00:00","-0.089"
"2020-01-12 03:15:00","-0.087"
"2020-01-12 03:30:00","-0.088"
"2020-01-12 03:45:00","-0.089"
"2020-01-12 04:00:00","-0.085"
"2020-01-12 04:15:00","-0.091"
"2020-01-12 04:30:00","-0.087"
"2020-01-12 04:45:00","-0.09"
"2020-01-12 05:00:00","-0.082"
"2020-01-12 05:15:00","-0.084"
"2020-01-12 05:30:00","-0.089"
"2020-01-12 05:45:00","-0.087"
"2020-01-12 06:00:00","-0.087"
"2020-01-12 06:15:00","-0.088"
"2020-01-12 06:30:00","-0.086"
"2020-01-12 06:45:00","-0.088"
"2020-01-12 07:00:00","-0.084"
"2020-01-12 07:15:00","-0.096"
"2020-01-12 07:30:00","1.212"
"2020-01-12 07:45:00","7.167"
"2020-01-12 08:00:00","22.011"
"2020-01-12 08:15:00","32.972"
"2020-01-12 08:30:00","92.781"
"2020-01-12 08:45:00","107.373"
"2020-01-12 09:00:00","142.213"
"2020-01-12 09:15:00","239.732"
"2020-01-12 09:30:00","221.802"
"2020-01-12 09:45:00","411.496"
"2020-01-12 10:00:00","219.212"
"2020-01-12 10:15:00","728.876"
"2020-01-12 10:30:00","578.238"
"2020-01-12 10:45:00","548.094"
"2020-01-12 11:00:00","707.811"
"2020-01-12 11:15:00","745.368"
"2020-01-12 11:30:00","817.5"
"2020-01-12 11:45:00","776.711"
"2020-01-12 12:00:00","782.32"
"2020-01-12 12:15:00","808.039"
"2020-01-12 12:30:00","792.726"
"2020-01-12 12:45:00","771.551"
"2020-01-12 13:00:00","740.384"
"2020-01-12 13:15:00","704.562"
"2020-01-12 13:30:00","648.918"
"2020-01-12 13:45:00","568.492"
"2020-01-12 14:00:00","466"
"2020-01-12 14:15:00","352.804"
"2020-01-12 14:30:00","262.915"
"2020-01-12 14:45:00","202.753"
"2020-01-12 15:00:00","149.989"
"2020-01-12 15:15:00","96.113"
"2020-01-12 15:30:00","46.803"
"2020-01-12 15:45:00","26.936"
"2020-01-12 16:00:00","18.698"
"2020-01-12 16:15:00","11.821"
"2020-01-12 16:30:00","4.897"
"2020-01-12 16:45:00","0.248"
"2020-01-12 17:00:00","-0.082"
"2020-01-12 17:15:00","-0.089"
"2020-01-12 17:30:00","-0.093"
"2020-01-12 17:45:00","-0.087"
"2020-01-12 18:00:00","-0.09"
"2020-01-12 18:15:00","-0.09"
"2020-01-12 18:30:00","-0.092"
"2020-01-12 18:45:00","-0.095"
"2020-01-12 19:00:00","-0.101"
"2020-01-12 19:15:00","-0.097"
"2020-01-12 19:30:00","-0.1"
"2020-01-12 19:45:00","-0.097"
"2020-01-12 20:00:00","-0.098"
"2020-01-12 20:15:00","-0.099"
"2020-01-12 20:30:00","-0.106"
"2020-01-12 20:45:00","-0.095"
"2020-01-12 21:00:00","-0.102"
"2020-01-12 21:15:00","-0.103"
"2020-01-12 21:30:00","-0.103"
"2020-01-12 21:45:00","-0.105"
"2020-01-12 22:00:00","-0.099"
"2020-01-12 22:15:00","-0.096"
"2020-01-12 22:30:00","-0.099"
"2020-01-12 22:45:00","-0.102"
"2020-01-12 23:00:00","-0.104"
"2020-01-12 23:15:00","-0.104"
"2020-01-12 23:30:00","-0.098"
"2020-01-12 23:45:00","-0.102"
"2020-01-13 00:00:00","-0.101"
"2020-01-13 00:15:00","-0.101"
"2020-01-13 00:30:00","-0.101"
"2020-01-13 00:45:00","-0.109"
"2020-01-13 01:00:00","-0.103"
"2020-01-13 01:15:00","-0.1"
"2020-01-13 01:30:00","-0.1"
"2020-01-13 01:45:00","-0.103"
"2020-01-13 02:00:00","-0.103"
"2020-01-13 02:15:00","-0.105"
"2020-01-13 02:30:00","-0.1"
"2020-01-13 02:45:00","-0.104"
"2020-01-13 03:00:00","-0.102"
"2020-01-13 03:15:00","-0.104"
"2020-01-13 03:30:00","-0.094"
"2020-01-13 03:45:00","-0.101"
"2020-01-13 04:00:00","-0.103"
"2020-01-13 04:15:00","-0.1"
"2020-01-13 04:30:00","-0.096"
"2020-01-13 04:45:00","-0.102"
"2020-01-13 05:00:00","-0.1"
"2020-01-13 05:15:00","-0.098"
"2020-01-13 05:30:00","-0.099"
"2020-01-13 05:45:00","-0.098"
"2020-01-13 06:00:00","-0.099"
"2020-01-13 06:15:00","-0.096"
"2020-01-13 06:30:00","-0.096"
"2020-01-13 06:45:00","-0.097"
"2020-01-13 07:00:00","-0.099"
"2020-01-13 07:15:00","-0.01"
"2020-01-13 07:30:00","3.536"
"2020-01-13 07:45:00","9.116"
"2020-01-13 08:00:00","18.69"
"2020-01-13 08:15:00","30.1"
"2020-01-13 08:30:00","44.881"
"2020-01-13 08:45:00","49.499"
"2020-01-13 09:00:00","57.843"
"2020-01-13 09:15:00","71.409"
"2020-01-13 09:30:00","92.588"
"2020-01-13 09:45:00","80.976"
"2020-01-13 10:00:00","89.834"
"2020-01-13 10:15:00","84.125"
"2020-01-13 10:30:00","86.406"
"2020-01-13 10:45:00","101.662"
"2020-01-13 11:00:00","89.553"
"2020-01-13 11:15:00","79.525"
"2020-01-13 11:30:00","75.305"
"2020-01-13 11:45:00","72.834"
"2020-01-13 12:00:00","79.229"
"2020-01-13 12:15:00","85.596"
"2020-01-13 12:30:00","79.762"
"2020-01-13 12:45:00","82.614"
"2020-01-13 13:00:00","68.216"
"2020-01-13 13:15:00","66.035"
"2020-01-13 13:30:00","56.878"
"2020-01-13 13:45:00","46.492"
"2020-01-13 14:00:00","39.936"
"2020-01-13 14:15:00","32.819"
"2020-01-13 14:30:00","19.556"
"2020-01-13 14:45:00","18.968"
"2020-01-13 15:00:00","20.48"
"2020-01-13 15:15:00","26.885"
"2020-01-13 15:30:00","37.529"
"2020-01-13 15:45:00","21.162"
"2020-01-13 16:00:00","7.955"
"2020-01-13 16:15:00","1.584"
"2020-01-13 16:30:00","-0.097"
"2020-01-13 16:45:00","-0.102"
"2020-01-13 17:00:00","-0.103"
"2020-01-13 17:15:00","-0.102"
"2020-01-13 17:30:00","-0.102"
"2020-01-13 17:45:00","-0.093"
"2020-01-13 18:00:00","-0.096"
"2020-01-13 18:15:00","-0.097"
"2020-01-13 18:30:00","-0.108"
"2020-01-13 18:45:00","-0.101"
"2020-01-13 19:00:00","-0.095"
"2020-01-13 19:15:00","-0.098"
"2020-01-13 19:30:00","-0.096"
"2020-01-13 19:45:00","-0.093"
"2020-01-13 20:00:00","-0.092"
"2020-01-13 20:15:00","-0.096"
"2020-01-13 20:30:00","-0.098"
"2020-01-13 20:45:00","-0.098"
"2020-01-13 21:00:00","-0.095"
"2020-01-13 21:15:00","-0.092"
"2020-01-13 21:30:00","-0.091"
"2020-01-13 21:45:00","-0.096"
"2020-01-13 22:00:00","-0.096"
"2020-01-13 22:15:00","-0.103"
"2020-01-13 22:30:00","-0.097"
"2020-01-13 22:45:00","-0.098"
"2020-01-13 23:00:00","-0.097"
"2020-01-13 23:15:00","-0.102"
"2020-01-13 23:30:00","-0.094"
"2020-01-13 23:45:00","-0.099"
"2020-01-14 00:00:00","-0.094"
"2020-01-14 00:15:00","-0.102"
"2020-01-14 00:30:00","-0.094"
"2020-01-14 00:45:00","-0.097"
"2020-01-14 01:00:00","-0.096"
"2020-01-14 01:15:00","-0.088"
"2020-01-14 01:30:00","-0.094"
"2020-01-14 01:45:00","-0.095"
"2020-01-14 02:00:00","-0.094"
"2020-01-14 02:15:00","-0.098"
"2020-01-14 02:30:00","-0.092"
"2020-01-14 02:45:00","-0.092"
"2020-01-14 03:00:00","-0.094"
"2020-01-14 03:15:00","-0.097"
"2020-01-14 03:30:00","-0.101"
"2020-01-14 03:45:00","-0.093"
"2020-01-14 04:00:00","-0.093"
"2020-01-14 04:15:00","-0.095"
"2020-01-14 04:30:00","-0.096"
"2020-01-14 04:45:00","-0.093"
"2020-01-14 05:00:00","-0.094"
"2020-01-14 05:15:00","-0.091"
"2020-01-14 05:30:00","-0.098"
"2020-01-14 05:45:00","-0.093"
"2020-01-14 06:00:00","-0.091"
"2020-01-14 06:15:00","-0.089"
"2020-01-14 06:30:00","-0.093"
"2020-01-14 06:45:00","-0.094"
"2020-01-14 07:00:00","-0.098"
"2020-01-14 07:15:00","0.21"
"2020-01-14 07:30:00","3.611"
"2020-01-14 07:45:00","10.986"
"2020-01-14 08:00:00","22.024"
"2020-01-14 08:15:00","28.647"
"2020-01-14 08:30:00","36.465"
"2020-01-14 08:45:00","60.503"
"2020-01-14 09:00:00","78.837"
"2020-01-14 09:15:00","101.577"
"2020-01-14 09:30:00","123.018"
"2020-01-14 09:45:00","152.463"
"2020-01-14 10:00:00","389.593"
"2020-01-14 10:15:00","342.582"
"2020-01-14 10:30:00","294.083"
"2020-01-14 10:45:00","226.719"
"2020-01-14 11:00:00","180.622"
"2020-01-14 11:15:00","150.778"
"2020-01-14 11:30:00","157.911"
"2020-01-14 11:45:00","230.842"
"2020-01-14 12:00:00","354.019"
"2020-01-14 12:15:00","413.269"
"2020-01-14 12:30:00","417.329"
"2020-01-14 12:45:00","290.027"
"2020-01-14 13:00:00","293.468"
"2020-01-14 13:15:00","333.388"
"2020-01-14 13:30:00","191.326"
"2020-01-14 13:45:00","160.099"
"2020-01-14 14:00:00","104.427"
"2020-01-14 14:15:00","131.734"
"2020-01-14 14:30:00","122.635"
"2020-01-14 14:45:00","74.951"
"2020-01-14 15:00:00","47.925"
"2020-01-14 15:15:00","48.186"
"2020-01-14 15:30:00","39.155"
"2020-01-14 15:45:00","26.374"
"2020-01-14 16:00:00","15.604"
"2020-01-14 16:15:00","4.666"
"2020-01-14 16:30:00","0.595"
"2020-01-14 16:45:00","-0.094"
"2020-01-14 17:00:00","-0.089"
"2020-01-14 17:15:00","-0.09"
"2020-01-14 17:30:00","-0.099"
"2020-01-14 17:45:00","-0.089"
"2020-01-14 18:00:00","-0.09"
"2020-01-14 18:15:00","-0.095"
"2020-01-14 18:30:00","-0.099"
"2020-01-14 18:45:00","-0.096"
"2020-01-14 19:00:00","-0.095"
"2020-01-14 19:15:00","-0.097"
"2020-01-14 19:30:00","-0.094"
"2020-01-14 19:45:00","-0.094"
"2020-01-14 20:00:00","-0.095"
"2020-01-14 20:15:00","-0.099"
"2020-01-14 20:30:00","-0.092"
"2020-01-14 20:45:00","-0.095"
"2020-01-14 21:00:00","-0.094"
"2020-01-14 21:15:00","-0.088"
"2020-01-14 21:30:00","-0.09"
"2020-01-14 21:45:00","-0.093"
"2020-01-14 22:00:00","-0.094"
"2020-01-14 22:15:00","-0.092"
"2020-01-14 22:30:00","-0.09"
"2020-01-14 22:45:00","-0.09"
"2020-01-14 23:00:00","-0.094"
"2020-01-14 23:15:00","-0.096"
"2020-01-14 23:30:00","-0.09"
"2020-01-14 23:45:00","-0.093"
"2020-01-15 00:00:00","-0.096"
"2020-01-15 00:15:00","-0.091"
"2020-01-15 00:30:00","-0.092"
"2020-01-15 00:45:00","-0.093"
"2020-01-15 01:00:00","-0.091"
"2020-01-15 01:15:00","-0.093"
"2020-01-15 01:30:00","-0.093"
"2020-01-15 01:45:00","-0.095"
"2020-01-15 02:00:00","-0.096"
"2020-01-15 02:15:00","-0.095"
"2020-01-15 02:30:00","-0.091"
"2020-01-15 02:45:00","-0.092"
"2020-01-15 03:00:00","-0.09"
"2020-01-15 03:15:00","-0.092"
"2020-01-15 03:30:00","-0.089"
"2020-01-15 03:45:00","-0.091"
"2020-01-15 04:00:00","-0.09"
"2020-01-15 04:15:00","-0.092"
"2020-01-15 04:30:00","-0.096"
"2020-01-15 04:45:00","-0.092"
"2020-01-15 05:00:00","-0.094"
"2020-01-15 05:15:00","-0.096"
"2020-01-15 05:30:00","-0.093"
"2020-01-15 05:45:00","-0.092"
"2020-01-15 06:00:00","-0.095"
"2020-01-15 06:15:00","-0.092"
"2020-01-15 06:30:00","-0.09"
"2020-01-15 06:45:00","-0.09"
"2020-01-15 07:00:00","0.008"
"2020-01-15 07:15:00","5.266"
"2020-01-15 07:30:00","28.983"
"2020-01-15 07:45:00","72.748"
"2020-01-15 08:00:00","143.353"
"2020-01-15 08:15:00","52.853"
"2020-01-15 08:30:00","77.88"
"2020-01-15 08:45:00","79.811"
"2020-01-15 09:00:00","27.341"
"2020-01-15 09:15:00","1.525"
"2020-01-15 09:30:00","-0.147"
"2020-01-15 09:45:00","-0.144"
"2020-01-15 10:00:00","36.882"
"2020-01-15 10:15:00","148.704"
"2020-01-15 10:30:00","321.552"
"2020-01-15 10:45:00","177.024"
"2020-01-15 11:00:00",""
"2020-01-15 11:15:00","70.158"
"2020-01-15 11:30:00","218.521"
"2020-01-15 11:45:00","411.833"
"2020-01-15 12:00:00","500.481"
"2020-01-15 12:15:00","381.275"
"2020-01-15 12:30:00","547.574"
"2020-01-15 12:45:00","266.307"
"2020-01-15 13:00:00","764.769"
"2020-01-15 13:15:00","721.559"
"2020-01-15 13:30:00","679.55"
"2020-01-15 13:45:00","623.747"
"2020-01-15 14:00:00","527.703"
"2020-01-15 14:15:00","407.793"
"2020-01-15 14:30:00","301.247"
"2020-01-15 14:45:00","228.228"
"2020-01-15 15:00:00","173.153"
"2020-01-15 15:15:00","116.147"
"2020-01-15 15:30:00","64.388"
"2020-01-15 15:45:00","37.144"
"2020-01-15 16:00:00","25.823"
"2020-01-15 16:15:00","16.526"
"2020-01-15 16:30:00","7.149"
"2020-01-15 16:45:00","0.513"
"2020-01-15 17:00:00","-0.103"
"2020-01-15 17:15:00","-0.105"
"2020-01-15 17:30:00","-0.103"
"2020-01-15 17:45:00","-0.109"
"2020-01-15 18:00:00","-0.107"
"2020-01-15 18:15:00","-0.107"
"2020-01-15 18:30:00","-0.112"
"2020-01-15 18:45:00","-0.108"
"2020-01-15 19:00:00","-0.105"
"2020-01-15 19:15:00","-0.105"
"2020-01-15 19:30:00","-0.111"
"2020-01-15 19:45:00","-0.113"
"2020-01-15 20:00:00","-0.113"
"2020-01-15 20:15:00","-0.109"
"2020-01-15 20:30:00","-0.114"
"2020-01-15 20:45:00","-0.114"
"2020-01-15 21:00:00","-0.108"
"2020-01-15 21:15:00","-0.105"
"2020-01-15 21:30:00","-0.113"
"2020-01-15 21:45:00","-0.116"
"2020-01-15 22:00:00","-0.113"
"2020-01-15 22:15:00","-0.116"
"2020-01-15 22:30:00","-0.116"
"2020-01-15 22:45:00","-0.118"
"2020-01-15 23:00:00","-0.114"
"2020-01-15 23:15:00","-0.112"
"2020-01-15 23:30:00","-0.114"
"2020-01-15 23:45:00","-0.108"
"2020-01-16 00:00:00","-0.113"
"2020-01-16 00:15:00","-0.116"
"2020-01-16 00:30:00","-0.115"
"2020-01-16 00:45:00","-0.111"
"2020-01-16 01:00:00","-0.106"
"2020-01-16 01:15:00","-0.118"
"2020-01-16 01:30:00","-0.116"
"2020-01-16 01:45:00","-0.117"
"2020-01-16 02:00:00","-0.118"
"2020-01-16 02:15:00","-0.111"
"2020-01-16 02:30:00","-0.114"
"2020-01-16 02:45:00","-0.109"
"2020-01-16 03:00:00","-0.111"
"2020-01-16 03:15:00","-0.115"
"2020-01-16 03:30:00","-0.118"
"2020-01-16 03:45:00","-0.112"
"2020-01-16 04:00:00","-0.113"
"2020-01-16 04:15:00","-0.113"
"2020-01-16 04:30:00","-0.117"
"2020-01-16 04:45:00","-0.115"
"2020-01-16 05:00:00","-0.115"
"2020-01-16 05:15:00","-0.117"
"2020-01-16 05:30:00","-0.115"
"2020-01-16 05:45:00","-0.114"
"2020-01-16 06:00:00","-0.116"
"2020-01-16 06:15:00","-0.118"
"2020-01-16 06:30:00","-0.114"
"2020-01-16 06:45:00","-0.114"
"2020-01-16 07:00:00","-0.117"
"2020-01-16 07:15:00","-0.116"
"2020-01-16 07:30:00","2.801"
"2020-01-16 07:45:00","15.557"
"2020-01-16 08:00:00","30.822"
"2020-01-16 08:15:00","37.001"
"2020-01-16 08:30:00","138.379"
"2020-01-16 08:45:00","52.486"
"2020-01-16 09:00:00","49.337"
"2020-01-16 09:15:00","420.487"
"2020-01-16 09:30:00","438.113"
"2020-01-16 09:45:00","388.293"
"2020-01-16 10:00:00","322.26"
"2020-01-16 10:15:00","62.783"
"2020-01-16 10:30:00","171.485"
"2020-01-16 10:45:00","416.437"
"2020-01-16 11:00:00","161.71"
"2020-01-16 11:15:00","476.173"
"2020-01-16 11:30:00","477.298"
"2020-01-16 11:45:00","952.865"
"2020-01-16 12:00:00","923.369"
"2020-01-16 12:15:00","905.45"
"2020-01-16 12:30:00","528.171"
"2020-01-16 12:45:00","583.918"
"2020-01-16 13:00:00","629.958"
"2020-01-16 13:15:00","783.232"
"2020-01-16 13:30:00","696.689"
"2020-01-16 13:45:00","613.577"
"2020-01-16 14:00:00","645.443"
"2020-01-16 14:15:00","407.287"
"2020-01-16 14:30:00","229.165"
"2020-01-16 14:45:00","319.977"
"2020-01-16 15:00:00","291.206"
"2020-01-16 15:15:00","164.659"
"2020-01-16 15:30:00","90.782"
"2020-01-16 15:45:00","70.181"
"2020-01-16 16:00:00","19.455"
"2020-01-16 16:15:00","28.957"
"2020-01-16 16:30:00","7.365"
"2020-01-16 16:45:00","0.74"
"2020-01-16 17:00:00","-0.119"
"2020-01-16 17:15:00","-0.117"
"2020-01-16 17:30:00","-0.122"
"2020-01-16 17:45:00","-0.118"
"2020-01-16 18:00:00","-0.122"
"2020-01-16 18:15:00","-0.119"
"2020-01-16 18:30:00","-0.124"
"2020-01-16 18:45:00","-0.123"
"2020-01-16 19:00:00","-0.12"
"2020-01-16 19:15:00","-0.125"
"2020-01-16 19:30:00","-0.125"
"2020-01-16 19:45:00","-0.124"
"2020-01-16 20:00:00","-0.122"
"2020-01-16 20:15:00","-0.124"
"2020-01-16 20:30:00","-0.129"
"2020-01-16 20:45:00","-0.125"
"2020-01-16 21:00:00","-0.126"
"2020-01-16 21:15:00","-0.124"
"2020-01-16 21:30:00","-0.126"
"2020-01-16 21:45:00","-0.129"
"2020-01-16 22:00:00","-0.125"
"2020-01-16 22:15:00","-0.128"
"2020-01-16 22:30:00","-0.132"
"2020-01-16 22:45:00","-0.131"
"2020-01-16 23:00:00","-0.13"
"2020-01-16 23:15:00","-0.13"
"2020-01-16 23:30:00","-0.132"
"2020-01-16 23:45:00","-0.129"
"2020-01-17 00:00:00","-0.133"
"2020-01-17 00:15:00","-0.132"
"2020-01-17 00:30:00","-0.13"
"2020-01-17 00:45:00","-0.134"
"2020-01-17 01:00:00","-0.132"
"2020-01-17 01:15:00","-0.135"
"2020-01-17 01:30:00","-0.13"
"2020-01-17 01:45:00","-0.133"
"2020-01-17 02:00:00","-0.134"
"2020-01-17 02:15:00","-0.133"
"2020-01-17 02:30:00","-0.137"
"2020-01-17 02:45:00","-0.137"
"2020-01-17 03:00:00","-0.133"
"2020-01-17 03:15:00","-0.129"
"2020-01-17 03:30:00","-0.136"
"2020-01-17 03:45:00","-0.137"
"2020-01-17 04:00:00","-0.133"
"2020-01-17 04:15:00","-0.138"
"2020-01-17 04:30:00","-0.133"
"2020-01-17 04:45:00","-0.134"
"2020-01-17 05:00:00","-0.136"
"2020-01-17 05:15:00","-0.138"
"2020-01-17 05:30:00","-0.134"
"2020-01-17 05:45:00","-0.133"
"2020-01-17 06:00:00","-0.138"
"2020-01-17 06:15:00","-0.132"
"2020-01-17 06:30:00","-0.13"
"2020-01-17 06:45:00","-0.138"
"2020-01-17 07:00:00","0.467"
"2020-01-17 07:15:00","8.064"
"2020-01-17 07:30:00","31.925"
"2020-01-17 07:45:00","89.01"
"2020-01-17 08:00:00","173.796"
"2020-01-17 08:15:00","258.48"
"2020-01-17 08:30:00","356.427"
"2020-01-17 08:45:00","456.811"
"2020-01-17 09:00:00","537.876"
"2020-01-17 09:15:00","611.333"
"2020-01-17 09:30:00","671.37"
"2020-01-17 09:45:00","732.999"
"2020-01-17 10:00:00","783.311"
"2020-01-17 10:15:00","832.006"
"2020-01-17 10:30:00","874.197"
"2020-01-17 10:45:00","896.198"
"2020-01-17 11:00:00","919.299"
"2020-01-17 11:15:00","940.875"
"2020-01-17 11:30:00","944.638"
"2020-01-17 11:45:00","945.116"
"2020-01-17 12:00:00","944.453"
"2020-01-17 12:15:00","935.041"
"2020-01-17 12:30:00","921.881"
"2020-01-17 12:45:00","897.955"
"2020-01-17 13:00:00","870.461"
"2020-01-17 13:15:00","833.851"
"2020-01-17 13:30:00","785.924"
"2020-01-17 13:45:00","714.411"
"2020-01-17 14:00:00","620.15"
"2020-01-17 14:15:00","497.342"
"2020-01-17 14:30:00","364.41"
"2020-01-17 14:45:00","269.582"
"2020-01-17 15:00:00","200.832"
"2020-01-17 15:15:00","136.75"
"2020-01-17 15:30:00","77.826"
"2020-01-17 15:45:00","40.354"
"2020-01-17 16:00:00","27.098"
"2020-01-17 16:15:00","15.758"
"2020-01-17 16:30:00","7.128"
"2020-01-17 16:45:00","1.053"
"2020-01-17 17:00:00","-0.132"
"2020-01-17 17:15:00","-0.135"
"2020-01-17 17:30:00","-0.132"
"2020-01-17 17:45:00","-0.126"
"2020-01-17 18:00:00","-0.128"
"2020-01-17 18:15:00","-0.132"
"2020-01-17 18:30:00","-0.127"
"2020-01-17 18:45:00","-0.131"
"2020-01-17 19:00:00","-0.131"
"2020-01-17 19:15:00","-0.135"
"2020-01-17 19:30:00","-0.138"
"2020-01-17 19:45:00","-0.128"
"2020-01-17 20:00:00","-0.132"
"2020-01-17 20:15:00","-0.135"
"2020-01-17 20:30:00","-0.134"
"2020-01-17 20:45:00","-0.133"
"2020-01-17 21:00:00","-0.136"
"2020-01-17 21:15:00","-0.133"
"2020-01-17 21:30:00","-0.137"
"2020-01-17 21:45:00","-0.13"
"2020-01-17 22:00:00","-0.131"
"2020-01-17 22:15:00","-0.13"
"2020-01-17 22:30:00","-0.131"
"2020-01-17 22:45:00","-0.134"
"2020-01-17 23:00:00","-0.135"
"2020-01-17 23:15:00","-0.132"
"2020-01-17 23:30:00","-0.135"
"2020-01-17 23:45:00","-0.133"
"2020-01-18 00:00:00","-0.137"
"2020-01-18 00:15:00","-0.131"
"2020-01-18 00:30:00","-0.133"
"2020-01-18 00:45:00","-0.132"
"2020-01-18 01:00:00","-0.135"
"2020-01-18 01:15:00","-0.136"
"2020-01-18 01:30:00","-0.132"
"2020-01-18 01:45:00","-0.134"
"2020-01-18 02:00:00","-0.138"
"2020-01-18 02:15:00","-0.133"
"2020-01-18 02:30:00","-0.13"
"2020-01-18 02:45:00","-0.129"
"2020-01-18 03:00:00","-0.135"
"2020-01-18 03:15:00","-0.125"
"2020-01-18 03:30:00","-0.13"
"2020-01-18 03:45:00","-0.132"
"2020-01-18 04:00:00","-0.127"
"2020-01-18 04:15:00","-0.128"
"2020-01-18 04:30:00","-0.132"
"2020-01-18 04:45:00","-0.13"
"2020-01-18 05:00:00","-0.136"
"2020-01-18 05:15:00","-0.137"
"2020-01-18 05:30:00","-0.131"
"2020-01-18 05:45:00","-0.129"
"2020-01-18 06:00:00","-0.13"
"2020-01-18 06:15:00","-0.127"
"2020-01-18 06:30:00","-0.132"
"2020-01-18 06:45:00","-0.123"
"2020-01-18 07:00:00","-0.131"
"2020-01-18 07:15:00","0.989"
"2020-01-18 07:30:00","8.984"
"2020-01-18 07:45:00","23.009"
"2020-01-18 08:00:00","45.838"
"2020-01-18 08:15:00","56.28"
"2020-01-18 08:30:00","74.396"
"2020-01-18 08:45:00","116.155"
"2020-01-18 09:00:00","137.915"
"2020-01-18 09:15:00","208.254"
"2020-01-18 09:30:00","260.941"
"2020-01-18 09:45:00","320.998"
"2020-01-18 10:00:00","653.132"
"2020-01-18 10:15:00","636.975"
"2020-01-18 10:30:00","505.151"
"2020-01-18 10:45:00","522.155"
"2020-01-18 11:00:00","413.901"
"2020-01-18 11:15:00","415.863"
"2020-01-18 11:30:00","344.568"
"2020-01-18 11:45:00","209.177"
"2020-01-18 12:00:00","140.545"
"2020-01-18 12:15:00","135.837"
"2020-01-18 12:30:00","117.392"
"2020-01-18 12:45:00","76.151"
"2020-01-18 13:00:00","89.14"
"2020-01-18 13:15:00","116.613"
"2020-01-18 13:30:00","125.951"
"2020-01-18 13:45:00","103.962"
"2020-01-18 14:00:00","100.581"
"2020-01-18 14:15:00","90.433"
"2020-01-18 14:30:00","78.913"
"2020-01-18 14:45:00","58.518"
"2020-01-18 15:00:00","23.668"
"2020-01-18 15:15:00","17.112"
"2020-01-18 15:30:00","10.11"
"2020-01-18 15:45:00","2.242"
"2020-01-18 16:00:00","0"
"2020-01-18 16:15:00","-0.155"
"2020-01-18 16:30:00","-0.127"
"2020-01-18 16:45:00","-0.126"
"2020-01-18 17:00:00","-0.128"
"2020-01-18 17:15:00","-0.128"
"2020-01-18 17:30:00","-0.129"
"2020-01-18 17:45:00","-0.134"
"2020-01-18 18:00:00","-0.129"
"2020-01-18 18:15:00","-0.125"
"2020-01-18 18:30:00","-0.127"
"2020-01-18 18:45:00","-0.134"
"2020-01-18 19:00:00","-0.13"
"2020-01-18 19:15:00","-0.127"
"2020-01-18 19:30:00","-0.136"
"2020-01-18 19:45:00","-0.132"
"2020-01-18 20:00:00","-0.131"
"2020-01-18 20:15:00","-0.131"
"2020-01-18 20:30:00","-0.127"
"2020-01-18 20:45:00","-0.131"
"2020-01-18 21:00:00","-0.129"
"2020-01-18 21:15:00","-0.131"
"2020-01-18 21:30:00","-0.126"
"2020-01-18 21:45:00","-0.127"
"2020-01-18 22:00:00","-0.13"
"2020-01-18 22:15:00","-0.131"
"2020-01-18 22:30:00","-0.131"
"2020-01-18 22:45:00","-0.135"
"2020-01-18 23:00:00","-0.127"
"2020-01-18 23:15:00","-0.133"
"2020-01-18 23:30:00","-0.131"
"2020-01-18 23:45:00","-0.126"
"2020-01-19 00:00:00","-0.133"
"2020-01-19 00:15:00","-0.127"
"2020-01-19 00:30:00","-0.127"
"2020-01-19 00:45:00","-0.132"
"2020-01-19 01:00:00","-0.128"
"2020-01-19 01:15:00","-0.122"
"2020-01-19 01:30:00","-0.13"
"2020-01-19 01:45:00","-0.127"
"2020-01-19 02:00:00","-0.13"
"2020-01-19 02:15:00","-0.125"
"2020-01-19 02:30:00","-0.132"
"2020-01-19 02:45:00","-0.126"
"2020-01-19 03:00:00","-0.125"
"2020-01-19 03:15:00","-0.126"
"2020-01-19 03:30:00","-0.127"
"2020-01-19 03:45:00","-0.124"
"2020-01-19 04:00:00","-0.128"
"2020-01-19 04:15:00","-0.124"
"2020-01-19 04:30:00","-0.127"
"2020-01-19 04:45:00","-0.126"
"2020-01-19 05:00:00","-0.131"
"2020-01-19 05:15:00","-0.122"
"2020-01-19 05:30:00","-0.126"
"2020-01-19 05:45:00","-0.121"
"2020-01-19 06:00:00","-0.12"
"2020-01-19 06:15:00","-0.125"
"2020-01-19 06:30:00","-0.124"
"2020-01-19 06:45:00","-0.122"
"2020-01-19 07:00:00","-0.126"
"2020-01-19 07:15:00","-0.12"
"2020-01-19 07:30:00","-0.12"
"2020-01-19 07:45:00","-0.113"
"2020-01-19 08:00:00","-0.144"
"2020-01-19 08:15:00","0.135"
"2020-01-19 08:30:00","0.065"
"2020-01-19 08:45:00","0.829"
"2020-01-19 09:00:00","2.732"
"2020-01-19 09:15:00","4.717"
"2020-01-19 09:30:00","8.078"
"2020-01-19 09:45:00","11.212"
"2020-01-19 10:00:00","15.6"
"2020-01-19 10:15:00","17.384"
"2020-01-19 10:30:00","10"
"2020-01-19 10:45:00","11.571"
"2020-01-19 11:00:00","13.561"
"2020-01-19 11:15:00","8.685"
"2020-01-19 11:30:00","8.92"
"2020-01-19 11:45:00","7.801"
"2020-01-19 12:00:00","34.028"
"2020-01-19 12:15:00","37.685"
"2020-01-19 12:30:00","44.534"
"2020-01-19 12:45:00","37.504"
"2020-01-19 13:00:00","25.154"
"2020-01-19 13:15:00","56.148"
"2020-01-19 13:30:00","33.122"
"2020-01-19 13:45:00","44.462"
"2020-01-19 14:00:00","84.429"
"2020-01-19 14:15:00","50.983"
"2020-01-19 14:30:00","55.14"
"2020-01-19 14:45:00","42.878"
"2020-01-19 15:00:00","52.811"
"2020-01-19 15:15:00","70.409"
"2020-01-19 15:30:00","94.452"
"2020-01-19 15:45:00","36.342"
"2020-01-19 16:00:00","18.129"
"2020-01-19 16:15:00","8.766"
"2020-01-19 16:30:00","5.918"
"2020-01-19 16:45:00","1.169"
"2020-01-19 17:00:00","-0.123"
"2020-01-19 17:15:00","-0.116"
"2020-01-19 17:30:00","-0.121"
"2020-01-19 17:45:00","-0.121"
"2020-01-19 18:00:00","-0.123"
"2020-01-19 18:15:00","-0.117"
"2020-01-19 18:30:00","-0.116"
"2020-01-19 18:45:00","-0.121"
"2020-01-19 19:00:00","-0.119"
"2020-01-19 19:15:00","-0.122"
"2020-01-19 19:30:00","-0.121"
"2020-01-19 19:45:00","-0.125"
"2020-01-19 20:00:00","-0.121"
"2020-01-19 20:15:00","-0.118"
"2020-01-19 20:30:00","-0.12"
"2020-01-19 20:45:00","-0.127"
"2020-01-19 21:00:00","-0.13"
"2020-01-19 21:15:00","-0.127"
"2020-01-19 21:30:00","-0.124"
"2020-01-19 21:45:00","-0.131"
"2020-01-19 22:00:00","-0.133"
"2020-01-19 22:15:00","-0.139"
"2020-01-19 22:30:00","-0.129"
"2020-01-19 22:45:00","-0.137"
"2020-01-19 23:00:00","-0.133"
"2020-01-19 23:15:00","-0.137"
"2020-01-19 23:30:00","-0.132"
"2020-01-19 23:45:00","-0.133"
"2020-01-20 00:00:00","-0.131"
"2020-01-20 00:15:00","-0.133"
"2020-01-20 00:30:00","-0.132"
"2020-01-20 00:45:00","-0.132"
"2020-01-20 01:00:00","-0.134"
"2020-01-20 01:15:00","-0.127"
"2020-01-20 01:30:00","-0.133"
"2020-01-20 01:45:00","-0.137"
"2020-01-20 02:00:00","-0.127"
"2020-01-20 02:15:00","-0.137"
"2020-01-20 02:30:00","-0.134"
"2020-01-20 02:45:00","-0.133"
"2020-01-20 03:00:00","-0.136"
"2020-01-20 03:15:00","-0.134"
"2020-01-20 03:30:00","-0.133"
"2020-01-20 03:45:00","-0.136"
"2020-01-20 04:00:00","-0.133"
"2020-01-20 04:15:00","-0.133"
"2020-01-20 04:30:00","-0.136"
"2020-01-20 04:45:00","-0.129"
"2020-01-20 05:00:00","-0.134"
"2020-01-20 05:15:00","-0.141"
"2020-01-20 05:30:00","-0.134"
"2020-01-20 05:45:00","-0.134"
"2020-01-20 06:00:00","-0.13"
"2020-01-20 06:15:00","-0.134"
"2020-01-20 06:30:00","-0.138"
"2020-01-20 06:45:00","-0.136"
"2020-01-20 07:00:00","0.455"
"2020-01-20 07:15:00","6.511"
"2020-01-20 07:30:00","24.883"
"2020-01-20 07:45:00","64.014"
"2020-01-20 08:00:00","113.266"
"2020-01-20 08:15:00","164.221"
"2020-01-20 08:30:00","215.265"
"2020-01-20 08:45:00","264.357"
"2020-01-20 09:00:00","312.616"
"2020-01-20 09:15:00","359.093"
"2020-01-20 09:30:00","399.597"
"2020-01-20 09:45:00","438.689"
"2020-01-20 10:00:00","473.843"
"2020-01-20 10:15:00","507.207"
"2020-01-20 10:30:00","542.878"
"2020-01-20 10:45:00","579.543"
"2020-01-20 11:00:00","613.484"
"2020-01-20 11:15:00","647.856"
"2020-01-20 11:30:00","679.125"
"2020-01-20 11:45:00","714.23"
"2020-01-20 12:00:00","737.515"
"2020-01-20 12:15:00","758.632"
"2020-01-20 12:30:00","783.712"
"2020-01-20 12:45:00","794.494"
"2020-01-20 13:00:00","798.356"
"2020-01-20 13:15:00","786.801"
"2020-01-20 13:30:00","757.789"
"2020-01-20 13:45:00","708.504"
"2020-01-20 14:00:00","633.136"
"2020-01-20 14:15:00","530.423"
"2020-01-20 14:30:00","400.157"
"2020-01-20 14:45:00","290.115"
"2020-01-20 15:00:00","212.395"
"2020-01-20 15:15:00","146.479"
"2020-01-20 15:30:00","90.157"
"2020-01-20 15:45:00","45.851"
"2020-01-20 16:00:00","29.301"
"2020-01-20 16:15:00","19.69"
"2020-01-20 16:30:00","10.874"
"2020-01-20 16:45:00","2.774"
"2020-01-20 17:00:00","-0.127"
"2020-01-20 17:15:00","-0.123"
"2020-01-20 17:30:00","-0.124"
"2020-01-20 17:45:00","-0.124"
"2020-01-20 18:00:00","-0.127"
"2020-01-20 18:15:00","-0.125"
"2020-01-20 18:30:00","-0.127"
"2020-01-20 18:45:00","-0.128"
"2020-01-20 19:00:00","-0.126"
"2020-01-20 19:15:00","-0.134"
"2020-01-20 19:30:00","-0.127"
"2020-01-20 19:45:00","-0.125"
"2020-01-20 20:00:00","-0.133"
"2020-01-20 20:15:00","-0.129"
"2020-01-20 20:30:00","-0.13"
"2020-01-20 20:45:00","-0.131"
"2020-01-20 21:00:00","-0.129"
"2020-01-20 21:15:00","-0.134"
"2020-01-20 21:30:00","-0.132"
"2020-01-20 21:45:00","-0.13"
"2020-01-20 22:00:00","-0.128"
"2020-01-20 22:15:00","-0.14"
"2020-01-20 22:30:00","-0.136"
"2020-01-20 22:45:00","-0.134"
"2020-01-20 23:00:00","-0.139"
"2020-01-20 23:15:00","-0.13"
"2020-01-20 23:30:00","-0.133"
"2020-01-20 23:45:00","-0.131"
"2020-01-21 00:00:00","-0.124"
"2020-01-21 00:15:00","-0.13"
"2020-01-21 00:30:00","-0.141"
"2020-01-21 00:45:00","-0.134"
"2020-01-21 01:00:00","-0.141"
"2020-01-21 01:15:00","-0.135"
"2020-01-21 01:30:00","-0.137"
"2020-01-21 01:45:00","-0.131"
"2020-01-21 02:00:00","-0.139"
"2020-01-21 02:15:00","-0.135"
"2020-01-21 02:30:00","-0.134"
"2020-01-21 02:45:00","-0.138"
"2020-01-21 03:00:00","-0.133"
"2020-01-21 03:15:00","-0.132"
"2020-01-21 03:30:00","-0.133"
"2020-01-21 03:45:00","-0.134"
"2020-01-21 04:00:00","-0.133"
"2020-01-21 04:15:00","-0.135"
"2020-01-21 04:30:00","-0.134"
"2020-01-21 04:45:00","-0.131"
"2020-01-21 05:00:00","-0.135"
"2020-01-21 05:15:00","-0.136"
"2020-01-21 05:30:00","-0.133"
"2020-01-21 05:45:00","-0.136"
"2020-01-21 06:00:00","-0.132"
"2020-01-21 06:15:00","-0.128"
"2020-01-21 06:30:00","-0.131"
"2020-01-21 06:45:00","-0.137"
"2020-01-21 07:00:00","1.09"
"2020-01-21 07:15:00","10.508"
"2020-01-21 07:30:00","43.455"
"2020-01-21 07:45:00","117.117"
"2020-01-21 08:00:00","204.827"
"2020-01-21 08:15:00","292.86"
"2020-01-21 08:30:00","381.651"
"2020-01-21 08:45:00","459.143"
"2020-01-21 09:00:00","532.223"
"2020-01-21 09:15:00","604.266"
"2020-01-21 09:30:00","663.926"
"2020-01-21 09:45:00","721.061"
"2020-01-21 10:00:00","771.308"
"2020-01-21 10:15:00","823.456"
"2020-01-21 10:30:00","861.096"
"2020-01-21 10:45:00","889.746"
"2020-01-21 11:00:00","916.262"
"2020-01-21 11:15:00","935.314"
"2020-01-21 11:30:00","941.228"
"2020-01-21 11:45:00","946.092"
"2020-01-21 12:00:00","870.69"
"2020-01-21 12:15:00","947.875"
"2020-01-21 12:30:00","923.698"
"2020-01-21 12:45:00","942.54"
"2020-01-21 13:00:00","860.848"
"2020-01-21 13:15:00","604.641"
"2020-01-21 13:30:00","502.757"
"2020-01-21 13:45:00","469.838"
"2020-01-21 14:00:00","342.829"
"2020-01-21 14:15:00","570.971"
"2020-01-21 14:30:00","417.965"
"2020-01-21 14:45:00","299.663"
"2020-01-21 15:00:00","220.196"
"2020-01-21 15:15:00","154.789"
"2020-01-21 15:30:00","99.176"
"2020-01-21 15:45:00","52.4"
"2020-01-21 16:00:00","32.78"
"2020-01-21 16:15:00","21.593"
"2020-01-21 16:30:00","10.439"
"2020-01-21 16:45:00","2.457"
"2020-01-21 17:00:00","-0.119"
"2020-01-21 17:15:00","-0.113"
"2020-01-21 17:30:00","-0.119"
"2020-01-21 17:45:00","-0.119"
"2020-01-21 18:00:00","-0.122"
"2020-01-21 18:15:00","-0.122"
"2020-01-21 18:30:00","-0.117"
"2020-01-21 18:45:00","-0.115"
"2020-01-21 19:00:00","-0.117"
"2020-01-21 19:15:00","-0.12"
"2020-01-21 19:30:00","-0.121"
"2020-01-21 19:45:00","-0.115"
"2020-01-21 20:00:00","-0.127"
"2020-01-21 20:15:00","-0.122"
"2020-01-21 20:30:00","-0.125"
"2020-01-21 20:45:00","-0.123"
"2020-01-21 21:00:00","-0.114"
"2020-01-21 21:15:00","-0.124"
"2020-01-21 21:30:00","-0.121"
"2020-01-21 21:45:00","-0.128"
"2020-01-21 22:00:00","-0.126"
"2020-01-21 22:15:00","-0.125"
"2020-01-21 22:30:00","-0.126"
"2020-01-21 22:45:00","-0.128"
"2020-01-21 23:00:00","-0.122"
"2020-01-21 23:15:00","-0.125"
"2020-01-21 23:30:00","-0.127"
"2020-01-21 23:45:00","-0.127"
"2020-01-22 00:00:00","-0.127"
"2020-01-22 00:15:00","-0.126"
"2020-01-22 00:30:00","-0.126"
"2020-01-22 00:45:00","-0.128"
"2020-01-22 01:00:00","-0.132"
"2020-01-22 01:15:00","-0.131"
"2020-01-22 01:30:00","-0.129"
"2020-01-22 01:45:00","-0.135"
"2020-01-22 02:00:00","-0.132"
"2020-01-22 02:15:00","-0.125"
"2020-01-22 02:30:00","-0.131"
"2020-01-22 02:45:00","-0.134"
"2020-01-22 03:00:00","-0.134"
"2020-01-22 03:15:00","-0.132"
"2020-01-22 03:30:00","-0.131"
"2020-01-22 03:45:00","-0.131"
"2020-01-22 04:00:00","-0.127"
"2020-01-22 04:15:00","-0.129"
"2020-01-22 04:30:00","-0.134"
"2020-01-22 04:45:00","-0.127"
"2020-01-22 05:00:00","-0.131"
"2020-01-22 05:15:00","-0.131"
"2020-01-22 05:30:00","-0.13"
"2020-01-22 05:45:00","-0.132"
"2020-01-22 06:00:00","-0.136"
"2020-01-22 06:15:00","-0.135"
"2020-01-22 06:30:00","-0.138"
"2020-01-22 06:45:00","-0.129"
"2020-01-22 07:00:00","1.594"
"2020-01-22 07:15:00","12.463"
"2020-01-22 07:30:00","46.117"
"2020-01-22 07:45:00","116.492"
"2020-01-22 08:00:00","196.887"
"2020-01-22 08:15:00","281.736"
"2020-01-22 08:30:00","372.159"
"2020-01-22 08:45:00","449.593"
"2020-01-22 09:00:00","524.317"
"2020-01-22 09:15:00","592.923"
"2020-01-22 09:30:00","648.502"
"2020-01-22 09:45:00","704.617"
"2020-01-22 10:00:00","756.233"
"2020-01-22 10:15:00","784.031"
"2020-01-22 10:30:00","824.898"
"2020-01-22 10:45:00","852.4"
"2020-01-22 11:00:00","871.772"
"2020-01-22 11:15:00","889.176"
"2020-01-22 11:30:00","898.148"
"2020-01-22 11:45:00","903.567"
"2020-01-22 12:00:00","896.208"
"2020-01-22 12:15:00","892.229"
"2020-01-22 12:30:00","876.643"
"2020-01-22 12:45:00","846.931"
"2020-01-22 13:00:00","812.792"
"2020-01-22 13:15:00","709.98"
"2020-01-22 13:30:00","656.179"
"2020-01-22 13:45:00","640.471"
"2020-01-22 14:00:00","652.88"
"2020-01-22 14:15:00","546.212"
"2020-01-22 14:30:00","421.959"
"2020-01-22 14:45:00","302.163"
"2020-01-22 15:00:00","219.868"
"2020-01-22 15:15:00","152.303"
"2020-01-22 15:30:00","98.831"
"2020-01-22 15:45:00","53.349"
"2020-01-22 16:00:00","33.076"
"2020-01-22 16:15:00","22.33"
"2020-01-22 16:30:00","12.679"
"2020-01-22 16:45:00","3.432"
"2020-01-22 17:00:00","-0.11"
"2020-01-22 17:15:00","-0.107"
"2020-01-22 17:30:00","-0.105"
"2020-01-22 17:45:00","-0.11"
"2020-01-22 18:00:00","-0.111"
"2020-01-22 18:15:00","-0.11"
"2020-01-22 18:30:00","-0.112"
"2020-01-22 18:45:00","-0.115"
"2020-01-22 19:00:00","-0.113"
"2020-01-22 19:15:00","-0.114"
"2020-01-22 19:30:00","-0.117"
"2020-01-22 19:45:00","-0.117"
"2020-01-22 20:00:00","-0.114"
"2020-01-22 20:15:00","-0.116"
"2020-01-22 20:30:00","-0.121"
"2020-01-22 20:45:00","-0.117"
"2020-01-22 21:00:00","-0.115"
"2020-01-22 21:15:00","-0.119"
"2020-01-22 21:30:00","-0.125"
"2020-01-22 21:45:00","-0.124"
"2020-01-22 22:00:00","-0.125"
"2020-01-22 22:15:00","-0.124"
"2020-01-22 22:30:00","-0.127"
"2020-01-22 22:45:00","-0.126"
"2020-01-22 23:00:00","-0.126"
"2020-01-22 23:15:00","-0.127"
"2020-01-22 23:30:00","-0.123"
"2020-01-22 23:45:00","-0.128"
"2020-01-23 00:00:00","-0.126"
"2020-01-23 00:15:00","-0.123"
"2020-01-23 00:30:00","-0.127"
"2020-01-23 00:45:00","-0.127"
"2020-01-23 01:00:00","-0.121"
"2020-01-23 01:15:00","-0.127"
"2020-01-23 01:30:00","-0.126"
"2020-01-23 01:45:00","-0.125"
"2020-01-23 02:00:00","-0.122"
"2020-01-23 02:15:00","-0.126"
"2020-01-23 02:30:00","-0.133"
"2020-01-23 02:45:00","-0.124"
"2020-01-23 03:00:00","-0.131"
"2020-01-23 03:15:00","-0.125"
"2020-01-23 03:30:00","-0.127"
"2020-01-23 03:45:00","-0.126"
"2020-01-23 04:00:00","-0.124"
"2020-01-23 04:15:00","-0.13"
"2020-01-23 04:30:00","-0.13"
"2020-01-23 04:45:00","-0.122"
"2020-01-23 05:00:00","-0.131"
"2020-01-23 05:15:00","-0.13"
"2020-01-23 05:30:00","-0.13"
"2020-01-23 05:45:00","-0.127"
"2020-01-23 06:00:00","-0.125"
"2020-01-23 06:15:00","-0.127"
"2020-01-23 06:30:00","-0.132"
"2020-01-23 06:45:00","-0.13"
"2020-01-23 07:00:00","0.991"
"2020-01-23 07:15:00","14.908"
"2020-01-23 07:30:00","51.674"
"2020-01-23 07:45:00","99.528"
"2020-01-23 08:00:00","189.178"
"2020-01-23 08:15:00","297.682"
"2020-01-23 08:30:00","398.867"
"2020-01-23 08:45:00","479.581"
"2020-01-23 09:00:00","547.872"
"2020-01-23 09:15:00","578.033"
"2020-01-23 09:30:00","656.188"
"2020-01-23 09:45:00","661.238"
"2020-01-23 10:00:00","432.949"
"2020-01-23 10:15:00","662.771"
"2020-01-23 10:30:00","628.25"
"2020-01-23 10:45:00","740.95"
"2020-01-23 11:00:00","813.861"
"2020-01-23 11:15:00","900.136"
"2020-01-23 11:30:00","895.11"
"2020-01-23 11:45:00","901.258"
"2020-01-23 12:00:00","741.237"
"2020-01-23 12:15:00","567.424"
"2020-01-23 12:30:00","586.931"
"2020-01-23 12:45:00","634.013"
"2020-01-23 13:00:00","608.068"
"2020-01-23 13:15:00","529.068"
"2020-01-23 13:30:00","478.591"
"2020-01-23 13:45:00","430.746"
"2020-01-23 14:00:00","363.075"
"2020-01-23 14:15:00","325.363"
"2020-01-23 14:30:00","270.993"
"2020-01-23 14:45:00","214.156"
"2020-01-23 15:00:00","183.573"
"2020-01-23 15:15:00","151.605"
"2020-01-23 15:30:00","122.341"
"2020-01-23 15:45:00","87.691"
"2020-01-23 16:00:00","51.444"
"2020-01-23 16:15:00","24.718"
"2020-01-23 16:30:00","8.386"
"2020-01-23 16:45:00","0.526"
"2020-01-23 17:00:00","-0.113"
"2020-01-23 17:15:00","-0.111"
"2020-01-23 17:30:00","-0.108"
"2020-01-23 17:45:00","-0.105"
"2020-01-23 18:00:00","-0.109"
"2020-01-23 18:15:00","-0.114"
"2020-01-23 18:30:00","-0.116"
"2020-01-23 18:45:00","-0.115"
"2020-01-23 19:00:00","-0.115"
"2020-01-23 19:15:00","-0.115"
"2020-01-23 19:30:00","-0.116"
"2020-01-23 19:45:00","-0.112"
"2020-01-23 20:00:00","-0.111"
"2020-01-23 20:15:00","-0.114"
"2020-01-23 20:30:00","-0.115"
"2020-01-23 20:45:00","-0.111"
"2020-01-23 21:00:00","-0.115"
"2020-01-23 21:15:00","-0.116"
"2020-01-23 21:30:00","-0.114"
"2020-01-23 21:45:00","-0.117"
"2020-01-23 22:00:00","-0.115"
"2020-01-23 22:15:00","-0.114"
"2020-01-23 22:30:00","-0.114"
"2020-01-23 22:45:00","-0.118"
"2020-01-23 23:00:00","-0.119"
"2020-01-23 23:15:00","-0.114"
"2020-01-23 23:30:00","-0.118"
"2020-01-23 23:45:00","-0.117"
"2020-01-24 00:00:00","-0.12"
"2020-01-24 00:15:00","-0.12"
"2020-01-24 00:30:00","-0.121"
"2020-01-24 00:45:00","-0.12"
"2020-01-24 01:00:00","-0.12"
"2020-01-24 01:15:00","-0.121"
"2020-01-24 01:30:00","-0.12"
"2020-01-24 01:45:00","-0.113"
"2020-01-24 02:00:00","-0.122"
"2020-01-24 02:15:00","-0.119"
"2020-01-24 02:30:00","-0.119"
"2020-01-24 02:45:00","-0.123"
"2020-01-24 03:00:00","-0.123"
"2020-01-24 03:15:00","-0.12"
"2020-01-24 03:30:00","-0.125"
"2020-01-24 03:45:00","-0.123"
"2020-01-24 04:00:00","-0.117"
"2020-01-24 04:15:00","-0.116"
"2020-01-24 04:30:00","-0.116"
"2020-01-24 04:45:00","-0.118"
"2020-01-24 05:00:00","-0.122"
"2020-01-24 05:15:00","-0.115"
"2020-01-24 05:30:00","-0.115"
"2020-01-24 05:45:00","-0.123"
"2020-01-24 06:00:00","-0.12"
"2020-01-24 06:15:00","-0.118"
"2020-01-24 06:30:00","-0.122"
"2020-01-24 06:45:00","-0.119"
"2020-01-24 07:00:00","1.281"
"2020-01-24 07:15:00","12.596"
"2020-01-24 07:30:00","33.68"
"2020-01-24 07:45:00","109.739"
"2020-01-24 08:00:00","183.828"
"2020-01-24 08:15:00","266.579"
"2020-01-24 08:30:00","346.049"
"2020-01-24 08:45:00","419.696"
"2020-01-24 09:00:00","478.287"
"2020-01-24 09:15:00","515.218"
"2020-01-24 09:30:00","638.649"
"2020-01-24 09:45:00","636.319"
"2020-01-24 10:00:00","598.664"
"2020-01-24 10:15:00","273.821"
"2020-01-24 10:30:00","637.116"
"2020-01-24 10:45:00","893.722"
"2020-01-24 11:00:00","905.652"
"2020-01-24 11:15:00","880.62"
"2020-01-24 11:30:00","411.843"
"2020-01-24 11:45:00","845.459"
"2020-01-24 12:00:00","925.223"
"2020-01-24 12:15:00","872.561"
"2020-01-24 12:30:00","829.118"
"2020-01-24 12:45:00","808.502"
"2020-01-24 13:00:00","791.531"
"2020-01-24 13:15:00","789.168"
"2020-01-24 13:30:00","762.275"
"2020-01-24 13:45:00","708.004"
"2020-01-24 14:00:00","636.771"
"2020-01-24 14:15:00","551.095"
"2020-01-24 14:30:00","438.54"
"2020-01-24 14:45:00","314.585"
"2020-01-24 15:00:00","224.964"
"2020-01-24 15:15:00","157.022"
"2020-01-24 15:30:00","97.192"
"2020-01-24 15:45:00","53.257"
"2020-01-24 16:00:00","30.352"
"2020-01-24 16:15:00","19.98"
"2020-01-24 16:30:00","14.273"
"2020-01-24 16:45:00","2.564"
"2020-01-24 17:00:00","-0.102"
"2020-01-24 17:15:00","-0.096"
"2020-01-24 17:30:00","-0.103"
"2020-01-24 17:45:00","-0.097"
"2020-01-24 18:00:00","-0.104"
"2020-01-24 18:15:00","-0.111"
"2020-01-24 18:30:00","-0.11"
"2020-01-24 18:45:00","-0.112"
"2020-01-24 19:00:00","-0.108"
"2020-01-24 19:15:00","-0.106"
"2020-01-24 19:30:00","-0.113"
"2020-01-24 19:45:00","-0.113"
"2020-01-24 20:00:00","-0.116"
"2020-01-24 20:15:00","-0.114"
"2020-01-24 20:30:00","-0.115"
"2020-01-24 20:45:00","-0.112"
"2020-01-24 21:00:00","-0.111"
"2020-01-24 21:15:00","-0.114"
"2020-01-24 21:30:00","-0.112"
"2020-01-24 21:45:00","-0.115"
"2020-01-24 22:00:00","-0.113"
"2020-01-24 22:15:00","-0.11"
"2020-01-24 22:30:00","-0.109"
"2020-01-24 22:45:00","-0.114"
"2020-01-24 23:00:00","-0.111"
"2020-01-24 23:15:00","-0.114"
"2020-01-24 23:30:00","-0.112"
"2020-01-24 23:45:00","-0.107"
"2020-01-25 00:00:00","-0.116"
"2020-01-25 00:15:00","-0.116"
"2020-01-25 00:30:00","-0.115"
"2020-01-25 00:45:00","-0.114"
"2020-01-25 01:00:00","-0.112"
"2020-01-25 01:15:00","-0.112"
"2020-01-25 01:30:00","-0.11"
"2020-01-25 01:45:00","-0.117"
"2020-01-25 02:00:00","-0.112"
"2020-01-25 02:15:00","-0.11"
"2020-01-25 02:30:00","-0.112"
"2020-01-25 02:45:00","-0.105"
"2020-01-25 03:00:00","-0.112"
"2020-01-25 03:15:00","-0.114"
"2020-01-25 03:30:00","-0.112"
"2020-01-25 03:45:00","-0.109"
"2020-01-25 04:00:00","-0.113"
"2020-01-25 04:15:00","-0.11"
"2020-01-25 04:30:00","-0.116"
"2020-01-25 04:45:00","-0.11"
"2020-01-25 05:00:00","-0.109"
"2020-01-25 05:15:00","-0.12"
"2020-01-25 05:30:00","-0.114"
"2020-01-25 05:45:00","-0.114"
"2020-01-25 06:00:00","-0.118"
"2020-01-25 06:15:00","-0.109"
"2020-01-25 06:30:00","-0.112"
"2020-01-25 06:45:00","-0.099"
"2020-01-25 07:00:00","2.885"
"2020-01-25 07:15:00","6.993"
"2020-01-25 07:30:00","10.523"
"2020-01-25 07:45:00","19.671"
"2020-01-25 08:00:00","25.666"
"2020-01-25 08:15:00","59.737"
"2020-01-25 08:30:00","74.816"
"2020-01-25 08:45:00","109.522"
"2020-01-25 09:00:00","121.538"
"2020-01-25 09:15:00","110.49"
"2020-01-25 09:30:00","100.146"
"2020-01-25 09:45:00","95.394"
"2020-01-25 10:00:00","122.455"
"2020-01-25 10:15:00","108.1"
"2020-01-25 10:30:00","104.972"
"2020-01-25 10:45:00","102.289"
"2020-01-25 11:00:00","98.736"
"2020-01-25 11:15:00","88.449"
"2020-01-25 11:30:00","84.786"
"2020-01-25 11:45:00","79.467"
"2020-01-25 12:00:00","66.486"
"2020-01-25 12:15:00","79.731"
"2020-01-25 12:30:00","55.172"
"2020-01-25 12:45:00","63.908"
"2020-01-25 13:00:00","50.827"
"2020-01-25 13:15:00","34.119"
"2020-01-25 13:30:00","35.685"
"2020-01-25 13:45:00","54.709"
"2020-01-25 14:00:00","44.955"
"2020-01-25 14:15:00","27.658"
"2020-01-25 14:30:00","30.976"
"2020-01-25 14:45:00","31.126"
"2020-01-25 15:00:00","23.151"
"2020-01-25 15:15:00","7.817"
"2020-01-25 15:30:00","6.686"
"2020-01-25 15:45:00","3.789"
"2020-01-25 16:00:00","4.368"
"2020-01-25 16:15:00","0.148"
"2020-01-25 16:30:00","-0.143"
"2020-01-25 16:45:00","-0.114"
"2020-01-25 17:00:00","-0.112"
"2020-01-25 17:15:00","-0.107"
"2020-01-25 17:30:00","-0.112"
"2020-01-25 17:45:00","-0.111"
"2020-01-25 18:00:00","-0.109"
"2020-01-25 18:15:00","-0.116"
"2020-01-25 18:30:00","-0.112"
"2020-01-25 18:45:00","-0.113"
"2020-01-25 19:00:00","-0.114"
"2020-01-25 19:15:00","-0.126"
"2020-01-25 19:30:00","-0.12"
"2020-01-25 19:45:00","-0.12"
"2020-01-25 20:00:00","-0.115"
"2020-01-25 20:15:00","-0.123"
"2020-01-25 20:30:00","-0.117"
"2020-01-25 20:45:00","-0.12"
"2020-01-25 21:00:00","-0.112"
"2020-01-25 21:15:00","-0.115"
"2020-01-25 21:30:00","-0.116"
"2020-01-25 21:45:00","-0.116"
"2020-01-25 22:00:00","-0.117"
"2020-01-25 22:15:00","-0.115"
"2020-01-25 22:30:00","-0.12"
"2020-01-25 22:45:00","-0.112"
"2020-01-25 23:00:00","-0.115"
"2020-01-25 23:15:00","-0.112"
"2020-01-25 23:30:00","-0.11"
"2020-01-25 23:45:00","-0.107"
"2020-01-26 00:00:00","-0.111"
"2020-01-26 00:15:00","-0.113"
"2020-01-26 00:30:00","-0.113"
"2020-01-26 00:45:00","-0.113"
"2020-01-26 01:00:00","-0.117"
"2020-01-26 01:15:00","-0.109"
"2020-01-26 01:30:00","-0.112"
"2020-01-26 01:45:00","-0.113"
"2020-01-26 02:00:00","-0.119"
"2020-01-26 02:15:00","-0.116"
"2020-01-26 02:30:00","-0.116"
"2020-01-26 02:45:00","-0.115"
"2020-01-26 03:00:00","-0.116"
"2020-01-26 03:15:00","-0.117"
"2020-01-26 03:30:00","-0.117"
"2020-01-26 03:45:00","-0.112"
"2020-01-26 04:00:00","-0.114"
"2020-01-26 04:15:00","-0.115"
"2020-01-26 04:30:00","-0.109"
"2020-01-26 04:45:00","-0.115"
"2020-01-26 05:00:00","-0.111"
"2020-01-26 05:15:00","-0.117"
"2020-01-26 05:30:00","-0.113"
"2020-01-26 05:45:00","-0.11"
"2020-01-26 06:00:00","-0.111"
"2020-01-26 06:15:00","-0.122"
"2020-01-26 06:30:00","-0.117"
"2020-01-26 06:45:00","-0.116"
"2020-01-26 07:00:00","1.498"
"2020-01-26 07:15:00","10.624"
"2020-01-26 07:30:00","47.047"
"2020-01-26 07:45:00","114.402"
"2020-01-26 08:00:00","177.99"
"2020-01-26 08:15:00","143.249"
"2020-01-26 08:30:00","380.061"
"2020-01-26 08:45:00","454.526"
"2020-01-26 09:00:00","527.157"
"2020-01-26 09:15:00","592.286"
"2020-01-26 09:30:00","647.676"
"2020-01-26 09:45:00","699.037"
"2020-01-26 10:00:00","636.134"
"2020-01-26 10:15:00","555.356"
"2020-01-26 10:30:00","514.762"
"2020-01-26 10:45:00","403.261"
"2020-01-26 11:00:00","483.707"
"2020-01-26 11:15:00","968.952"
"2020-01-26 11:30:00","990.742"
"2020-01-26 11:45:00","737.521"
"2020-01-26 12:00:00","385.625"
"2020-01-26 12:15:00","208.68"
"2020-01-26 12:30:00","687.39"
"2020-01-26 12:45:00","936.663"
"2020-01-26 13:00:00","307.121"
"2020-01-26 13:15:00","644.094"
"2020-01-26 13:30:00","763.334"
"2020-01-26 13:45:00","146.872"
"2020-01-26 14:00:00","77.96"
"2020-01-26 14:15:00","66.882"
"2020-01-26 14:30:00","50.409"
"2020-01-26 14:45:00","113.045"
"2020-01-26 15:00:00","113.217"
"2020-01-26 15:15:00","98.466"
"2020-01-26 15:30:00","93.159"
"2020-01-26 15:45:00","62.356"
"2020-01-26 16:00:00","43.528"
"2020-01-26 16:15:00","25.551"
"2020-01-26 16:30:00","14.467"
"2020-01-26 16:45:00","4.482"
"2020-01-26 17:00:00","-0.026"
"2020-01-26 17:15:00","-0.106"
"2020-01-26 17:30:00","-0.107"
"2020-01-26 17:45:00","-0.107"
"2020-01-26 18:00:00","-0.11"
"2020-01-26 18:15:00","-0.113"
"2020-01-26 18:30:00","-0.111"
"2020-01-26 18:45:00","-0.112"
"2020-01-26 19:00:00","-0.109"
"2020-01-26 19:15:00","-0.113"
"2020-01-26 19:30:00","-0.116"
"2020-01-26 19:45:00","-0.113"
"2020-01-26 20:00:00","-0.108"
"2020-01-26 20:15:00","-0.107"
"2020-01-26 20:30:00","-0.11"
"2020-01-26 20:45:00","-0.11"
"2020-01-26 21:00:00","-0.111"
"2020-01-26 21:15:00","-0.11"
"2020-01-26 21:30:00","-0.111"
"2020-01-26 21:45:00","-0.11"
"2020-01-26 22:00:00","-0.116"
"2020-01-26 22:15:00","-0.114"
"2020-01-26 22:30:00","-0.115"
"2020-01-26 22:45:00","-0.116"
"2020-01-26 23:00:00","-0.117"
"2020-01-26 23:15:00","-0.116"
"2020-01-26 23:30:00","-0.114"
"2020-01-26 23:45:00","-0.116"
"2020-01-27 00:00:00","-0.114"
"2020-01-27 00:15:00","-0.111"
"2020-01-27 00:30:00","-0.112"
"2020-01-27 00:45:00","-0.111"
"2020-01-27 01:00:00","-0.111"
"2020-01-27 01:15:00","-0.116"
"2020-01-27 01:30:00","-0.112"
"2020-01-27 01:45:00","-0.116"
"2020-01-27 02:00:00","-0.116"
"2020-01-27 02:15:00","-0.111"
"2020-01-27 02:30:00","-0.116"
"2020-01-27 02:45:00","-0.115"
"2020-01-27 03:00:00","-0.108"
"2020-01-27 03:15:00","-0.116"
"2020-01-27 03:30:00","-0.116"
"2020-01-27 03:45:00","-0.12"
"2020-01-27 04:00:00","-0.114"
"2020-01-27 04:15:00","-0.108"
"2020-01-27 04:30:00","-0.11"
"2020-01-27 04:45:00","-0.11"
"2020-01-27 05:00:00","-0.112"
"2020-01-27 05:15:00","-0.106"
"2020-01-27 05:30:00","-0.114"
"2020-01-27 05:45:00","-0.116"
"2020-01-27 06:00:00","-0.114"
"2020-01-27 06:15:00","-0.108"
"2020-01-27 06:30:00","-0.117"
"2020-01-27 06:45:00","-0.11"
"2020-01-27 07:00:00","0.262"
"2020-01-27 07:15:00","6.318"
"2020-01-27 07:30:00","17.826"
"2020-01-27 07:45:00","38.17"
"2020-01-27 08:00:00","66.327"
"2020-01-27 08:15:00","89.957"
"2020-01-27 08:30:00","83.53"
"2020-01-27 08:45:00","94.057"
"2020-01-27 09:00:00","88.092"
"2020-01-27 09:15:00","78.093"
"2020-01-27 09:30:00","87.12"
"2020-01-27 09:45:00","118.922"
"2020-01-27 10:00:00","125.818"
"2020-01-27 10:15:00","143.326"
"2020-01-27 10:30:00","189.41"
"2020-01-27 10:45:00","358.999"
"2020-01-27 11:00:00","451.084"
"2020-01-27 11:15:00","537.945"
"2020-01-27 11:30:00","567.336"
"2020-01-27 11:45:00","275.999"
"2020-01-27 12:00:00","191.481"
"2020-01-27 12:15:00","243.193"
"2020-01-27 12:30:00","304.713"
"2020-01-27 12:45:00","257.062"
"2020-01-27 13:00:00","296.78"
"2020-01-27 13:15:00","614.526"
"2020-01-27 13:30:00","225.01"
"2020-01-27 13:45:00","174.968"
"2020-01-27 14:00:00","196.303"
"2020-01-27 14:15:00","98.125"
"2020-01-27 14:30:00","59.138"
"2020-01-27 14:45:00","30.068"
"2020-01-27 15:00:00","76.692"
"2020-01-27 15:15:00","41.893"
"2020-01-27 15:30:00","15.862"
"2020-01-27 15:45:00","24.285"
"2020-01-27 16:00:00","15.821"
"2020-01-27 16:15:00","13.03"
"2020-01-27 16:30:00","5.692"
"2020-01-27 16:45:00","0.721"
"2020-01-27 17:00:00","-0.114"
"2020-01-27 17:15:00","-0.119"
"2020-01-27 17:30:00","-0.117"
"2020-01-27 17:45:00","-0.117"
"2020-01-27 18:00:00","-0.112"
"2020-01-27 18:15:00","-0.118"
"2020-01-27 18:30:00","-0.119"
"2020-01-27 18:45:00","-0.114"
"2020-01-27 19:00:00","-0.122"
"2020-01-27 19:15:00","-0.116"
"2020-01-27 19:30:00","-0.117"
"2020-01-27 19:45:00","-0.116"
"2020-01-27 20:00:00","-0.116"
"2020-01-27 20:15:00","-0.113"
"2020-01-27 20:30:00","-0.113"
"2020-01-27 20:45:00","-0.114"
"2020-01-27 21:00:00","-0.114"
"2020-01-27 21:15:00","-0.115"
"2020-01-27 21:30:00","-0.112"
"2020-01-27 21:45:00","-0.118"
"2020-01-27 22:00:00","-0.115"
"2020-01-27 22:15:00","-0.113"
"2020-01-27 22:30:00","-0.116"
"2020-01-27 22:45:00","-0.121"
"2020-01-27 23:00:00","-0.116"
"2020-01-27 23:15:00","-0.117"
"2020-01-27 23:30:00","-0.119"
"2020-01-27 23:45:00","-0.114"
"2020-01-28 00:00:00","-0.119"
"2020-01-28 00:15:00","-0.124"
"2020-01-28 00:30:00","-0.119"
"2020-01-28 00:45:00","-0.121"
"2020-01-28 01:00:00","-0.121"
"2020-01-28 01:15:00","-0.122"
"2020-01-28 01:30:00","-0.123"
"2020-01-28 01:45:00","-0.122"
"2020-01-28 02:00:00","-0.114"
"2020-01-28 02:15:00","-0.117"
"2020-01-28 02:30:00","-0.116"
"2020-01-28 02:45:00","-0.115"
"2020-01-28 03:00:00","-0.119"
"2020-01-28 03:15:00","-0.113"
"2020-01-28 03:30:00","-0.109"
"2020-01-28 03:45:00","-0.113"
"2020-01-28 04:00:00","-0.115"
"2020-01-28 04:15:00","-0.109"
"2020-01-28 04:30:00","-0.113"
"2020-01-28 04:45:00","-0.118"
"2020-01-28 05:00:00","-0.117"
"2020-01-28 05:15:00","-0.112"
"2020-01-28 05:30:00","-0.107"
"2020-01-28 05:45:00","-0.113"
"2020-01-28 06:00:00","-0.113"
"2020-01-28 06:15:00","-0.11"
"2020-01-28 06:30:00","-0.122"
"2020-01-28 06:45:00","-0.117"
"2020-01-28 07:00:00","1.828"
"2020-01-28 07:15:00","13.149"
"2020-01-28 07:30:00","23.133"
"2020-01-28 07:45:00","49.306"
"2020-01-28 08:00:00","82.304"
"2020-01-28 08:15:00","102.442"
"2020-01-28 08:30:00","136.284"
"2020-01-28 08:45:00","185.044"
"2020-01-28 09:00:00","214.791"
"2020-01-28 09:15:00","212.428"
"2020-01-28 09:30:00","205.556"
"2020-01-28 09:45:00","172.509"
"2020-01-28 10:00:00","185.987"
"2020-01-28 10:15:00","175.526"
"2020-01-28 10:30:00","165.399"
"2020-01-28 10:45:00","159.443"
"2020-01-28 11:00:00","151.813"
"2020-01-28 11:15:00","201.289"
"2020-01-28 11:30:00","146.17"
"2020-01-28 11:45:00","97.991"
"2020-01-28 12:00:00","103.036"
"2020-01-28 12:15:00","107.018"
"2020-01-28 12:30:00","135.802"
"2020-01-28 12:45:00","150.882"
"2020-01-28 13:00:00","152.561"
"2020-01-28 13:15:00","140.019"
"2020-01-28 13:30:00","124.273"
"2020-01-28 13:45:00","120.883"
"2020-01-28 14:00:00","109.918"
"2020-01-28 14:15:00","96.014"
"2020-01-28 14:30:00","74.006"
"2020-01-28 14:45:00","67.084"
"2020-01-28 15:00:00","64.647"
"2020-01-28 15:15:00","49.994"
"2020-01-28 15:30:00","31.936"
"2020-01-28 15:45:00","22.604"
"2020-01-28 16:00:00","15.209"
"2020-01-28 16:15:00","9.411"
"2020-01-28 16:30:00","4.069"
"2020-01-28 16:45:00","0.61"
"2020-01-28 17:00:00","-0.121"
"2020-01-28 17:15:00","-0.115"
"2020-01-28 17:30:00","-0.111"
"2020-01-28 17:45:00","-0.122"
"2020-01-28 18:00:00","-0.123"
"2020-01-28 18:15:00","-0.118"
"2020-01-28 18:30:00","-0.12"
"2020-01-28 18:45:00","-0.117"
"2020-01-28 19:00:00","-0.116"
"2020-01-28 19:15:00","-0.124"
"2020-01-28 19:30:00","-0.122"
"2020-01-28 19:45:00","-0.121"
"2020-01-28 20:00:00","-0.118"
"2020-01-28 20:15:00","-0.121"
"2020-01-28 20:30:00","-0.122"
"2020-01-28 20:45:00","-0.124"
"2020-01-28 21:00:00","-0.122"
"2020-01-28 21:15:00","-0.121"
"2020-01-28 21:30:00","-0.119"
"2020-01-28 21:45:00","-0.119"
"2020-01-28 22:00:00","-0.117"
"2020-01-28 22:15:00","-0.118"
"2020-01-28 22:30:00","-0.118"
"2020-01-28 22:45:00","-0.124"
"2020-01-28 23:00:00","-0.12"
"2020-01-28 23:15:00","-0.126"
"2020-01-28 23:30:00","-0.117"
"2020-01-28 23:45:00","-0.124"
"2020-01-29 00:00:00","-0.121"
"2020-01-29 00:15:00","-0.126"
"2020-01-29 00:30:00","-0.122"
"2020-01-29 00:45:00","-0.123"
"2020-01-29 01:00:00","-0.12"
"2020-01-29 01:15:00","-0.123"
"2020-01-29 01:30:00","-0.116"
"2020-01-29 01:45:00","-0.118"
"2020-01-29 02:00:00","-0.123"
"2020-01-29 02:15:00","-0.118"
"2020-01-29 02:30:00","-0.122"
"2020-01-29 02:45:00","-0.12"
"2020-01-29 03:00:00","-0.123"
"2020-01-29 03:15:00","-0.119"
"2020-01-29 03:30:00","-0.121"
"2020-01-29 03:45:00","-0.123"
"2020-01-29 04:00:00","-0.117"
"2020-01-29 04:15:00","-0.123"
"2020-01-29 04:30:00","-0.119"
"2020-01-29 04:45:00","-0.118"
"2020-01-29 05:00:00","-0.12"
"2020-01-29 05:15:00","-0.12"
"2020-01-29 05:30:00","-0.127"
"2020-01-29 05:45:00","-0.117"
"2020-01-29 06:00:00","-0.121"
"2020-01-29 06:15:00","-0.124"
"2020-01-29 06:30:00","-0.126"
"2020-01-29 06:45:00","-0.118"
"2020-01-29 07:00:00","0.033"
"2020-01-29 07:15:00","4.427"
"2020-01-29 07:30:00","17.244"
"2020-01-29 07:45:00","35.837"
"2020-01-29 08:00:00","59.22"
"2020-01-29 08:15:00","261.091"
"2020-01-29 08:30:00","443.488"
"2020-01-29 08:45:00","374.409"
"2020-01-29 09:00:00","558.444"
"2020-01-29 09:15:00","652.955"
"2020-01-29 09:30:00","709.603"
"2020-01-29 09:45:00","767.703"
"2020-01-29 10:00:00","819.432"
"2020-01-29 10:15:00","857.447"
"2020-01-29 10:30:00","895.841"
"2020-01-29 10:45:00","925.718"
"2020-01-29 11:00:00","946.867"
"2020-01-29 11:15:00","966.423"
"2020-01-29 11:30:00","978.197"
"2020-01-29 11:45:00","980.147"
"2020-01-29 12:00:00","977.24"
"2020-01-29 12:15:00","975.533"
"2020-01-29 12:30:00","964.252"
"2020-01-29 12:45:00","944.522"
"2020-01-29 13:00:00","918.116"
"2020-01-29 13:15:00","884.801"
"2020-01-29 13:30:00","850.436"
"2020-01-29 13:45:00","797.88"
"2020-01-29 14:00:00","740.066"
"2020-01-29 14:15:00","665.555"
"2020-01-29 14:30:00","563.944"
"2020-01-29 14:45:00","435.117"
"2020-01-29 15:00:00","302.021"
"2020-01-29 15:15:00","212.84"
"2020-01-29 15:30:00","137.139"
"2020-01-29 15:45:00","78.245"
"2020-01-29 16:00:00","37.453"
"2020-01-29 16:15:00","24.11"
"2020-01-29 16:30:00","15.817"
"2020-01-29 16:45:00","7.735"
"2020-01-29 17:00:00","1.168"
"2020-01-29 17:15:00","-0.11"
"2020-01-29 17:30:00","-0.109"
"2020-01-29 17:45:00","-0.115"
"2020-01-29 18:00:00","-0.119"
"2020-01-29 18:15:00","-0.116"
"2020-01-29 18:30:00","-0.117"
"2020-01-29 18:45:00","-0.119"
"2020-01-29 19:00:00","-0.118"
"2020-01-29 19:15:00","-0.118"
"2020-01-29 19:30:00","-0.114"
"2020-01-29 19:45:00","-0.124"
"2020-01-29 20:00:00","-0.118"
"2020-01-29 20:15:00","-0.119"
"2020-01-29 20:30:00","-0.119"
"2020-01-29 20:45:00","-0.124"
"2020-01-29 21:00:00","-0.119"
"2020-01-29 21:15:00","-0.123"
"2020-01-29 21:30:00","-0.126"
"2020-01-29 21:45:00","-0.122"
"2020-01-29 22:00:00","-0.12"
"2020-01-29 22:15:00","-0.123"
"2020-01-29 22:30:00","-0.116"
"2020-01-29 22:45:00","-0.12"
"2020-01-29 23:00:00","-0.122"
"2020-01-29 23:15:00","-0.124"
"2020-01-29 23:30:00","-0.117"
"2020-01-29 23:45:00","-0.123"
"2020-01-30 00:00:00","-0.125"
"2020-01-30 00:15:00","-0.124"
"2020-01-30 00:30:00","-0.124"
"2020-01-30 00:45:00","-0.12"
"2020-01-30 01:00:00","-0.125"
"2020-01-30 01:15:00","-0.125"
"2020-01-30 01:30:00","-0.123"
"2020-01-30 01:45:00","-0.118"
"2020-01-30 02:00:00","-0.13"
"2020-01-30 02:15:00","-0.126"
"2020-01-30 02:30:00","-0.13"
"2020-01-30 02:45:00","-0.12"
"2020-01-30 03:00:00","-0.12"
"2020-01-30 03:15:00","-0.127"
"2020-01-30 03:30:00","-0.126"
"2020-01-30 03:45:00","-0.129"
"2020-01-30 04:00:00","-0.125"
"2020-01-30 04:15:00","-0.132"
"2020-01-30 04:30:00","-0.126"
"2020-01-30 04:45:00","-0.128"
"2020-01-30 05:00:00","-0.132"
"2020-01-30 05:15:00","-0.133"
"2020-01-30 05:30:00","-0.126"
"2020-01-30 05:45:00","-0.131"
"2020-01-30 06:00:00","-0.132"
"2020-01-30 06:15:00","-0.133"
"2020-01-30 06:30:00","-0.129"
"2020-01-30 06:45:00","-0.069"
"2020-01-30 07:00:00","3.646"
"2020-01-30 07:15:00","20.681"
"2020-01-30 07:30:00","71.997"
"2020-01-30 07:45:00","155.96"
"2020-01-30 08:00:00","252.382"
"2020-01-30 08:15:00","350.877"
"2020-01-30 08:30:00","440.526"
"2020-01-30 08:45:00","523.144"
"2020-01-30 09:00:00","598.97"
"2020-01-30 09:15:00","666.327"
"2020-01-30 09:30:00","724.53"
"2020-01-30 09:45:00","783.547"
"2020-01-30 10:00:00","834.002"
"2020-01-30 10:15:00","869.229"
"2020-01-30 10:30:00","900.049"
"2020-01-30 10:45:00","925.335"
"2020-01-30 11:00:00","950.135"
"2020-01-30 11:15:00","968.202"
"2020-01-30 11:30:00","972.402"
"2020-01-30 11:45:00","976.006"
"2020-01-30 12:00:00","977.66"
"2020-01-30 12:15:00","933.326"
"2020-01-30 12:30:00","939.51"
"2020-01-30 12:45:00","948.925"
"2020-01-30 13:00:00","921.763"
"2020-01-30 13:15:00","818.336"
"2020-01-30 13:30:00","861.356"
"2020-01-30 13:45:00","789.315"
"2020-01-30 14:00:00","718.617"
"2020-01-30 14:15:00","600.59"
"2020-01-30 14:30:00","465.318"
"2020-01-30 14:45:00","360.444"
"2020-01-30 15:00:00","243.519"
"2020-01-30 15:15:00","208.307"
"2020-01-30 15:30:00","167.476"
"2020-01-30 15:45:00","118.083"
"2020-01-30 16:00:00","79.057"
"2020-01-30 16:15:00","48.912"
"2020-01-30 16:30:00","26.174"
"2020-01-30 16:45:00","8.414"
"2020-01-30 17:00:00","0.158"
"2020-01-30 17:15:00","-0.107"
"2020-01-30 17:30:00","-0.115"
"2020-01-30 17:45:00","-0.11"
"2020-01-30 18:00:00","-0.111"
"2020-01-30 18:15:00","-0.106"
"2020-01-30 18:30:00","-0.113"
"2020-01-30 18:45:00","-0.111"
"2020-01-30 19:00:00","-0.112"
"2020-01-30 19:15:00","-0.109"
"2020-01-30 19:30:00","-0.116"
"2020-01-30 19:45:00","-0.121"
"2020-01-30 20:00:00","-0.118"
"2020-01-30 20:15:00","-0.115"
"2020-01-30 20:30:00","-0.114"
"2020-01-30 20:45:00","-0.12"
"2020-01-30 21:00:00","-0.119"
"2020-01-30 21:15:00","-0.12"
"2020-01-30 21:30:00","-0.123"
"2020-01-30 21:45:00","-0.119"
"2020-01-30 22:00:00","-0.123"
"2020-01-30 22:15:00","-0.114"
"2020-01-30 22:30:00","-0.118"
"2020-01-30 22:45:00","-0.115"
"2020-01-30 23:00:00","-0.119"
"2020-01-30 23:15:00","-0.119"
"2020-01-30 23:30:00","-0.119"
"2020-01-30 23:45:00","-0.115"
"2020-01-31 00:00:00","-0.117"
"2020-01-31 00:15:00","-0.124"
"2020-01-31 00:30:00","-0.113"
"2020-01-31 00:45:00","-0.119"
"2020-01-31 01:00:00","-0.121"
"2020-01-31 01:15:00","-0.123"
"2020-01-31 01:30:00","-0.118"
"2020-01-31 01:45:00","-0.126"
"2020-01-31 02:00:00","-0.123"
"2020-01-31 02:15:00","-0.123"
"2020-01-31 02:30:00","-0.12"
"2020-01-31 02:45:00","-0.122"
"2020-01-31 03:00:00","-0.123"
"2020-01-31 03:15:00","-0.124"
"2020-01-31 03:30:00","-0.123"
"2020-01-31 03:45:00","-0.121"
"2020-01-31 04:00:00","-0.122"
"2020-01-31 04:15:00","-0.12"
"2020-01-31 04:30:00","-0.126"
"2020-01-31 04:45:00","-0.122"
"2020-01-31 05:00:00","-0.126"
"2020-01-31 05:15:00","-0.125"
"2020-01-31 05:30:00","-0.122"
"2020-01-31 05:45:00","-0.119"
"2020-01-31 06:00:00","-0.128"
"2020-01-31 06:15:00","-0.113"
"2020-01-31 06:30:00","-0.121"
"2020-01-31 06:45:00","-0.114"
"2020-01-31 07:00:00","4.792"
"2020-01-31 07:15:00","24.645"
"2020-01-31 07:30:00","80.582"
"2020-01-31 07:45:00","162.727"
"2020-01-31 08:00:00","243.868"
"2020-01-31 08:15:00","338.708"
"2020-01-31 08:30:00","390.206"
"2020-01-31 08:45:00","459.002"
"2020-01-31 09:00:00","513.254"
"2020-01-31 09:15:00","476.568"
"2020-01-31 09:30:00","670.047"
"2020-01-31 09:45:00","446.956"
"2020-01-31 10:00:00","667.174"
"2020-01-31 10:15:00","683.889"
"2020-01-31 10:30:00","378.312"
"2020-01-31 10:45:00","276.604"
"2020-01-31 11:00:00","257.775"
"2020-01-31 11:15:00","225.944"
"2020-01-31 11:30:00","250.887"
"2020-01-31 11:45:00","325.119"
"2020-01-31 12:00:00","352.607"
"2020-01-31 12:15:00","262.428"
"2020-01-31 12:30:00","201.507"
"2020-01-31 12:45:00","178.057"
"2020-01-31 13:00:00","176.63"
"2020-01-31 13:15:00","191.282"
"2020-01-31 13:30:00","192.931"
"2020-01-31 13:45:00","193.295"
"2020-01-31 14:00:00","197.5"
"2020-01-31 14:15:00","181.554"
"2020-01-31 14:30:00","141.99"
"2020-01-31 14:45:00","98.03"
"2020-01-31 15:00:00","95.678"
"2020-01-31 15:15:00","97.396"
"2020-01-31 15:30:00","64.765"
"2020-01-31 15:45:00","52.637"
"2020-01-31 16:00:00","50.425"
"2020-01-31 16:15:00","36.997"
"2020-01-31 16:30:00","14.953"
"2020-01-31 16:45:00","3.202"
"2020-01-31 17:00:00","-0.116"
"2020-01-31 17:15:00","-0.109"
"2020-01-31 17:30:00","-0.111"
"2020-01-31 17:45:00","-0.115"
"2020-01-31 18:00:00","-0.112"
"2020-01-31 18:15:00","-0.115"
"2020-01-31 18:30:00","-0.112"
"2020-01-31 18:45:00","-0.111"
"2020-01-31 19:00:00","-0.11"
"2020-01-31 19:15:00","-0.111"
"2020-01-31 19:30:00","-0.112"
"2020-01-31 19:45:00","-0.114"
"2020-01-31 20:00:00","-0.12"
"2020-01-31 20:15:00","-0.109"
"2020-01-31 20:30:00","-0.111"
"2020-01-31 20:45:00","-0.113"
"2020-01-31 21:00:00","-0.115"
"2020-01-31 21:15:00","-0.115"
"2020-01-31 21:30:00","-0.107"
"2020-01-31 21:45:00","-0.111"
"2020-01-31 22:00:00","-0.112"
"2020-01-31 22:15:00","-0.11"
"2020-01-31 22:30:00","-0.11"
"2020-01-31 22:45:00","-0.114"
"2020-01-31 23:00:00","-0.117"
"2020-01-31 23:15:00","-0.112"
"2020-01-31 23:30:00","-0.116"
"2020-01-31 23:45:00","-0.119"